title,year,doi,journal,url,categories,cited_by_count,authors,abstract
Emissions of Ultrafine Particles and Volatile Organic Compounds from Commercially Available Desktop Three-Dimensional Printers with Multiple Filaments.,2016,10.1021/acs.est.5b04983,Environmental science & technology,https://pubmed.ncbi.nlm.nih.gov/26741485/,core_emissions_measurement;materials,367,Azimi P; Zhao D; Pouzet C; Crain NE; Stephens B,
Characterization of emissions from a desktop 3D printer and indoor air measurements in office settings.,2016,10.1080/15459624.2015.1091957,Journal of occupational and environmental hygiene,https://pubmed.ncbi.nlm.nih.gov/26550911/,core_emissions_measurement;workplace_indoor_air,178,Steinle P,
Characterization of volatile organic compound emissions from consumer level material extrusion 3D printers,2019,10.1016/j.buildenv.2019.106209,Building and Environment,https://openalex.org/W2949469493,core_emissions_measurement,139,Aika Davis; Qian Zhang; Jenny P. S. Wong; Rodney J. Weber; Marilyn Black,
Airborne particle emission of a commercial 3D printer: the effect of filament material and printing temperature,2017,10.1111/ina.12310,Indoor Air,https://doi.org/10.1111/ina.12310,core_emissions_measurement;materials;workplace_indoor_air,133,L. Stabile; M. Scungio; G. Buonanno; F. Arpino; G. Ficco,
Characterization of chemical contaminants generated by a desktop fused deposition modeling 3-dimensional Printer.,2017,10.1080/15459624.2017.1302589,Journal of occupational and environmental hygiene,https://pubmed.ncbi.nlm.nih.gov/28440728/,core_emissions_measurement;health_toxicology;materials;mitigation_filtration;workplace_indoor_air,127,Stefaniak AB; LeBouf RF; Yi J; Ham J; Nurkewicz T; Schwegler-Berry DE; Chen BT; Wells JR,"ABSTRACT Printing devices are known to emit chemicals into the indoor atmosphere. Understanding factors that influence release of chemical contaminants from printers is necessary to develop effective exposure assessment and control strategies. In this study, a desktop fused deposition modeling (FDM) 3-dimensional (3-D) printer using acrylonitrile butadiene styrene (ABS) or polylactic acid (PLA) filaments and two monochrome laser printers were evaluated in a 0.5 m3 chamber. During printing, chamber air was monitored for vapors using a real-time photoionization detector (results expressed as isobutylene equivalents) to measure total volatile organic compound (TVOC) concentrations, evacuated canisters to identify specific VOCs by off-line gas chromatography-mass spectrometry (GC-MS) analysis, and liquid bubblers to identify carbonyl compounds by GC-MS. Airborne particles were collected on filters for off-line analysis using scanning electron microscopy with an energy dispersive x-ray detector to identify elemental constituents. For 3-D printing, TVOC emission rates were influenced by a printer malfunction, filament type, and to a lesser extent, by filament color; however, rates were not influenced by the number of printer nozzles used or the manufacturer's provided cover. TVOC emission rates were significantly lower for the 3-D printer (49–3552 µg h−1) compared to the laser printers (5782–7735 µg h−1). A total of 14 VOCs were identified during 3-D printing that were not present during laser printing. 3-D printed objects continued to off-gas styrene, indicating potential for continued exposure after the print job is completed. Carbonyl reaction products were likely formed from emissions of the 3-D printer, including 4-oxopentanal. Ultrafine particles generated by the 3-D printer using ABS and a laser printer contained chromium. Consideration of the factors that influenced the release of chemical contaminants (including known and suspected asthmagens such as styrene and 4-oxopentanal) from a FDM 3-D printer should be made when designing exposure assessment and control strategies."
Characterization of particulate matters and total VOC emissions from a binder jetting 3D printer,2015,10.1016/j.buildenv.2015.07.013,Building and Environment,https://openalex.org/W877299181,core_emissions_measurement,125,Nima Afshar‐Mohajer; Changyu Wu; Thomas Ladun; Didier A. Rajon; Yong Huang,
Particle emissions from fused deposition modeling 3D printers: Evaluation and meta-analysis,2018,10.1016/j.scitotenv.2018.11.070,The Science of The Total Environment,https://openalex.org/W2900987502,core_emissions_measurement;health_toxicology;materials,87,Peter Byrley; Barbara Jane George; William K. Boyes; Kim R. Rogers,"Fused deposition modeling (FDM) 3D printers, the most popular choice among home hobbyists, have been shown to release volatile organic chemicals (VOCs) and billions of airborne particles per minute, indicating the potential for consumer inhalation exposure and consequent health risks. Publications on FDM 3D printer emissions however, contain large heterogeneity of testing methods and analytical procedures making it difficult to reach overall conclusions for particle characteristics or particle number emission rates across the field. In this publication, data were collected over the printing time from 3D printer emission studies including particle count diameters (PCDs) (nanometers), particle number concentrations (PNCs) (particles/cm3), and particle number emission rates (PNERs) (particles min-1). Despite heterogeneity in methods, the majority of particles released were reported as ultrafine in size (i.e., <100 nm) indicating that using both acrylonitrile butadiene styrene (ABS) and poly-lactic acid (PLA) may present a risk of exposure to respirable particles. Mean PNC emitted in 3D printing tests ranged over several orders of magnitude across publications with overall means of 300,980 particles/cm3 for ABS and 65,482 particles/cm3 for PLA. Although mean PNC data were available from only 7 of the 16 papers reviewed, ABS resulted in greater particle numbers than PLA suggesting increased exposure to ultrafine particles. A linear mixed model was fitted for mean PNCs to further explore the impact of nozzle temperature and filament material. Finally, the PNER calculation method especially regarding losses, varied widely across studies, and directly impacted the PNERs reported. To strengthen direct comparability of results going forward, it is recommended that standard emissions testing protocols be developed for FDM 3D printers and particle influxes and losses be more uniformly calculated."
Acute health effects of desktop 3D printing (fused deposition modeling) using acrylonitrile butadiene styrene and polylactic acid materials: An experimental exposure study in human volunteers.,2018,10.1111/ina.12458,Indoor air,https://pubmed.ncbi.nlm.nih.gov/29500848/,core_emissions_measurement;health_toxicology;materials;workplace_indoor_air;resin_or_other_am,83,Gümperlein I; Fischer E; Dietrich-Gümperlein G; Karrasch S; Nowak D; Jörres RA; Schierl R,"3D printers are increasingly run at home. Nanoparticle emissions from those printers have been reported, which raises the question whether adverse health effects from ultrafine particles (UFP) can be elicited by 3D printers. We exposed 26 healthy adults in a single-blinded, randomized, cross-over design to emissions of a desktop 3D printer using fused deposition modeling (FDM) for 1 hour (high UFP-emitting acrylonitrile butadiene styrene [ABS] vs low-emitting polylactic acid [PLA]). Before and after exposures, cytokines (IL-1β, IL-6, TNF-α, INF-γ) and ECP in nasal secretions, exhaled nitric oxide (FeNO), urinary 8-isoprostaglandin F2α (8-iso PGF2α ), and self-reported symptoms were assessed. The exposures had no significant differential effect on 8-iso PGF2α and nasal biomarkers. However, there was a difference (P < .05) in the time course of FeNO, with higher levels after ABS exposure. Moreover, indisposition and odor nuisance were increased for ABS exposure. These data suggest that 1 hour of exposure to 3D printer emissions had no acute effect on inflammatory markers in nasal secretions and urine. The slight relative increase in FeNO after ABS printing compared to PLA might be due to eosinophilic inflammation from inhaled UFP particles. This possibility should be investigated in further studies using additional biomarkers and longer observation periods."
The characteristics and formation mechanisms of emissions from thermal decomposition of 3D printer polymer filaments.,2019,10.1016/j.scitotenv.2019.07.257,The Science of the total environment,https://pubmed.ncbi.nlm.nih.gov/31540002/,core_emissions_measurement;materials,63,Ding S; Ng BF; Shang X; Liu H; Lu X; Wan MP,"Ultrafine particles (UFP) and volatile organic compounds (VOC) emitted from fused deposition modelling (FDM) 3D printing have received widespread attention. Here, we characterize the formation mechanisms of emissions from polymer filaments commonly used in FDM 3D printing. The temporal relationship between the amount and species of total VOC (TVOC) at any desired operating thermal condition is obtained through a combination of evolved gas analysis (EGA) and thermogravimetric analysis (TGA) to capture physicochemical reactions, in which the furnace of EGA or TGA closely resembles the heating process of the nozzle in the FDM 3D printer. It is generally observed that emissions initiate at the start of the glass transition process and peak during liquefaction for filaments. Initial increment in emissions during liquefaction and the relatively constant decomposition of products in the liquid phase are two main TVOC formation mechanisms. More importantly, low heating rate has the potential to restrain the formation of carcinogenic monomer, styrene, from ABS. A TVOC measurement method based on weight loss is further proposed and found that TVOC mass yield was 0.03%, 0.21% and 2.14% for PLA, ABS, and PVA, respectively, at 220 °C. Among TVOC, UFP mass accounts for 1% to 5% of TVOC mass depending on the type of filaments used. Also, for the first time, emission of UFP from the nozzle is directly observed through laser imaging."
Evaluation of emissions and exposures at workplaces using desktop 3-dimensional printer.,2019,10.1016/j.jchas.2018.11.001,Journal of chemical health & safety,https://pubmed.ncbi.nlm.nih.gov/31798757/,core_emissions_measurement;health_toxicology;materials;workplace_indoor_air,62,Stefaniak AB; Johnson AR; du Preez S; Hammond DR; Wells JR; Ham JE; LeBouf RF; Menchaca KW,
"Additive Manufacturing for Occupational Hygiene: A Comprehensive Review of Processes, Emissions, & Exposures.",2021,10.1080/10937404.2021.1936319,"Journal of toxicology and environmental health. Part B, Critical reviews",https://pubmed.ncbi.nlm.nih.gov/34139957/,core_emissions_measurement;health_toxicology;materials;mitigation_filtration;workplace_indoor_air;resin_or_other_am,58,Stefaniak AB; Du Preez S; Du Plessis JL,"ABSTRACT This comprehensive review introduces occupational (industrial) hygienists and toxicologists to the seven basic additive manufacturing (AM) process categories. Forty-six articles were identified that reported real-world measurements for all AM processes, except sheet lamination. Particles released from powder bed fusion (PBF), material jetting (MJ), material extrusion (ME), and directed energy deposition (DED) processes exhibited nanoscale to submicron scale; real-time particle number (mobility sizers, condensation nuclei counters, miniDiSC, electrical diffusion batteries) and surface area monitors (diffusion chargers) were generally sufficient for these processes. Binder jetting (BJ) machines released particles up to 8.5 µm; optical particle sizers (number) and laser scattering photometers (mass) were sufficient for this process. PBF and DED processes (powdered metallic feedstocks) released particles that contained respiratory irritants (chromium, molybdenum), central nervous system toxicants (manganese), and carcinogens (nickel). All process categories, except those that use metallic feedstocks, released organic gases, including (but not limited to), respiratory irritants (toluene, xylenes), asthmagens (methyl methacrylate, styrene), and carcinogens (benzene, formaldehyde, acetaldehyde). Real-time photoionization detectors for total volatile organics provided useful information for processes that utilize polymer feedstock materials. More research is needed to understand 1) facility-, machine-, and feedstock-related factors that influence emissions and exposures, 2) dermal exposure and biological burden, and 3) task-based exposures. Harmonized emissions monitoring and exposure assessment approaches are needed to facilitate inter-comparison of study results. Improved understanding of AM process emissions and exposures is needed for hygienists to ensure appropriate health and safety conditions for workers and for toxicologists to design experimental protocols that accurately mimic real-world exposure conditions. ABBREVIATIONS ABS : acrylonitrile butadiene styrene; ACGIH® TLV® : American Conference of Governmental Industrial Hygienists Threshold Limit Value; ACH : air change per hour; AM : additive manufacturing; ASA : acrylonitrile styrene acrylate; AVP : acetone vapor polishing; BJ : binder jetting; CAM-LEM : computer-aided manufacturing of laminated engineering materials; CNF : carbon nanofiber; CNT : carbon nanotube; CP : co-polyester; CNC : condensation nuclei counter; CVP : chloroform vapor polishing; DED : directed energy deposition; DLP : digital light processing; EBM : electron beam melting; EELS : electron energy loss spectrometry; EDB : electrical diffusion batteries; EDX : energy dispersive x-ray analyzer; ER : emission rate; FDM™ : fused deposition modeling; FFF : fused filament fabrication; IAQ : indoor air quality; LSP : laser scattering photometer; LCD : liquid crystal display; LDSA : lung deposited particle surface area; LOD : limit of detection; LOM : laminated object manufacturing; LOQ : limit of quantitation; MCE : mixed cellulose ester filter; ME : material extrusion; MJ : material jetting; OEL : occupational exposure limit; OPS : optical particle sizer; PBF : powder bed fusion; PBZ : personal breathing zone; PC : polycarbonate; PEEK : poly ether ether ketone; PET : polyethylene terephthalate; PETG : Polyethylene terephthalate glycol; PID : photoionization detector; PLA : polylactic acid; PM1 : particulate matter with aerodynamic diameter less than 1 µm; PM2.5 : particulate matter with aerodynamic diameter less than 2.5 µm; PM10 : particulate matter with aerodynamic diameter less than 10 µm; PSL : plastic sheet lamination; PVA : polyvinyl alcohol; REL : recommended exposure limit; SDL : selective deposition lamination; SDS : safety data sheet; SEM : scanning electron microscopy; SL : sheet lamination; SLA : stereolithography; SLM : selective laser melting; SMPS : scanning mobility particle sizer; SVOC : semi-volatile organic compound; TEM : transmission electron microscopy; TGA : thermal gravimetric analysis; TPU : thermo polyurethane; UAM : ultrasonic additive manufacturing; UC : ultrasonic consolidation; TVOC : total volatile organic compounds; TWA : time-weighted average; VOC : volatile organic compound; VP : vat photopolymerization"
Capturing PM2.5 Emissions from 3D Printing via Nanofiber-based Air Filter,2017,10.1038/s41598-017-10995-7,Scientific Reports,https://openalex.org/W2751822846,core_emissions_measurement;materials;mitigation_filtration,57,Chengchen Rao; Фу Гу; Peng Zhao; Nusrat Sharmin; Haibing Gu; Jianzhong Fu,"This study investigated the feasibility of using polycaprolactone (PCL) nanofiber-based air filters to capture PM2.5 particles emitted from fused deposition modeling (FDM) 3D printing. Generation and aggregation of emitted particles were investigated under different testing environments. The results show that: (1) the PCL nanofiber membranes are capable of capturing particle emissions from 3D printing, (2) relative humidity plays a signification role in aggregation of the captured particles, (3) generation and aggregation of particles from 3D printing can be divided into four stages: the PM2.5 concentration and particles size increase slowly (first stage), small particles are continuously generated and their concentration increases rapidly (second stage), small particles aggregate into more large particles and the growth of concentration slows down (third stage), the PM2.5 concentration and particle aggregation sizes increase rapidly (fourth stage), and (4) the ultrafine particles denoted as “building unit” act as the fundamentals of the aggregated particles. This work has tremendous implications in providing measures for controlling the particle emissions from 3D printing, which would facilitate the extensive application of 3D printing. In addition, this study provides a potential application scenario for nanofiber-based air filters other than laboratory theoretical investigation."
Particle and volatile organic compound emissions from a 3D printer filament extruder.,2020,10.1016/j.scitotenv.2020.139604,The Science of the total environment,https://pubmed.ncbi.nlm.nih.gov/32502783/,core_emissions_measurement;health_toxicology;materials,56,Byrley P; Geer Wallace MA; Boyes WK; Rogers K,"Fused Deposition Modeling (FDM®), also known as Fused Filament Fabrication (FFF), 3D printers have been shown in numerous studies to emit ultrafine particles and volatile organic compounds (VOCs). Filament extruders, designed to create feedstocks for 3D printers, have recently come onto the consumer market for at-home hobbyists as an alternative to buying 3D printer filaments. These instruments allow for the creation of 3D printer filaments from raw plastic pellets. Given the similarity in processes and materials used by 3D printers and filament extruders, we hypothesized that filament extruders may also release ultrafine particle emissions and VOCs. An off-the-shelf filament extruder was operated in a 2 m3 chamber using three separate feedstocks: acrylonitrile butadiene styrene (ABS) pellets, pulverized poly-lactic acid (PLA), and PLA pellets. Ultrafine particle emissions were measured in real-time using a scanning mobility particle sizer and thermal desorption tubes were used for both non-targeted and targeted analysis of VOCs present in emissions. Ultrafine particle number emission rates were comparable to those found in 3D printer studies with the greatest to least emission rates from ABS pellets, pulverized PLA, and PLA pellets, respectively. In addition, the majority of particles released were found to be ultrafine (1-100 nm), similar to 3D printer studies. A variety of VOCs were identified using the ABS feedstock, including styrene and ethylbenzene, and PLA feedstock. Styrene average mass concentration amounts were found to be near the EPA Integrated Risk Information System Reference Concentration for Inhalation Exposure for 3 min and 5 min samples. Further studies will be needed to determine the impact on emissions of environmental volume, air exchange rate, and extruder settings such as extrusion speed and temperature. The results support the hypothesis that use of a filament extruder may present an additional exposure risk to 3D printer hobbyists."
Improving the electrospinning process of fabricating nanofibrous membranes to filter PM2.5.,2019,10.1016/j.scitotenv.2019.02.207,Science of the Total Environment,https://www.semanticscholar.org/paper/4fdf77dfaa8b1604dd501c596e0989506ea5add3,core_emissions_measurement;health_toxicology;mitigation_filtration,53,Mingyi Cao; Fu Gu; Chengchen Rao; Jianzhong Fu; P. Zhao,"To mitigate PM2.5 emissions is becoming a pressing concern, because these particles pose a threat to public health. Evidence shows that bead-free nanofiber with diameter of <100 nm is more likely to capture the PM2.5, however, currently it is impossible to fabricate bead-free nanofiber with such diameter without introduction of other substances. To fabricate bead-free polyacrylonitrile (PAN) nanofibers with diameter of <100 nm, we improved the electrospinning process of membrane fabrication via design of experiment (DOE), and we then used these nanofibers to filter PM2.5 emissions from burning cigarettes and fused deposition modeling (FDM) three-dimensional (3D) printing. The DOE was based on a L27 (313) orthodoxy array, which consists of six controllable factors, that is, the concentration of solution, the spinning voltage, the rotating speed, the tip-to-collector distance, the flow rate of the syringe pump, and the electrospinning temperature, each of them has three levels. The results showed that the nanofibers of the least diameter (i.e., 77 nm) can be fabricated under the following condition: 8 wt% PAN solution, 12 kV voltage, 5000 r/min, 12 cm tip-to-collector distance, 0.6 ml/h flow rate, and 50 °C electrospinning temperature. Range analysis and analysis of variance (ANOVA) showed that the concentration of PAN solution has the most significant effect on the diameter, and their values are positively correlated. An examination in a two-chamber filtering device showed the PAN membrane with the least fiber diameter has a PM2.5 filtration efficiency of 99.26%. A filtration test on standard FDM 3D printing process showed the membrane has a PM2.5 removal efficiency of 81.16%. This work could mitigate PM2.5 emissions from cigarette tobacco and FDM 3D printing, and it would be used to other scenarios, such as industrial and traffic emissions."
Three-dimensional printing with nano-enabled filaments releases polymer particles containing carbon nanotubes into air,2018,10.1111/ina.12499,Indoor Air: International Journal of Indoor Environment and Health,https://www.semanticscholar.org/paper/f906da73a049f3cf0285add1ea01fe4c305bdca4,core_emissions_measurement;health_toxicology;materials;mitigation_filtration;workplace_indoor_air,50,A. Stefaniak; L. Bowers; A. Knepp; M. Virji; E. Birch; J. Ham; J. Wells; Chaolong Qi,"Fused deposition modeling (FDM™) 3-dimensional printing uses polymer filament to build objects. Some polymer filaments are formulated with additives, though it is unknown if they are released during printing. Three commercially available filaments that contained carbon nanotubes (CNTs) were printed with a desktop FDM™ 3-D printer in a chamber while monitoring total particle number concentration and size distribution. Airborne particles were collected on filters and analyzed using electron microscopy. Carbonyl compounds were identified by mass spectrometry. The elemental carbon content of the bulk CNT-containing filaments was 1.5 to 5.2 wt%. CNT-containing filaments released up to 1010 ultrafine (d < 100 nm) particles/g printed and 106 to 108 respirable (d ~0.5 to 2 μm) particles/g printed. From microscopy, 1% of the emitted respirable polymer particles contained visible CNTs. Carbonyl emissions were observed above the limit of detection (LOD) but were below the limit of quantitation (LOQ). Modeling indicated that, for all filaments, the average proportional lung deposition of CNT-containing polymer particles was 6.5%, 5.7%, and 7.2% for the head airways, tracheobronchiolar, and pulmonary regions, respectively. If CNT-containing polymer particles are hazardous, it would be prudent to control emissions during use of these filaments."
VOC Emissions and Formation Mechanisms from Carbon Nanotube Composites during 3D Printing.,2019,10.1021/acs.est.9b00765,Environmental Science and Technology,https://www.semanticscholar.org/paper/b823d64792d79594a8d947a38ff072ec570d2faf,core_emissions_measurement;health_toxicology;materials,50,Phillip M. Potter; S. Al-Abed; D. Lay; S. Lomnicki,"A commercially available, 3D printer nanocomposite filament of carbon nanotubes (CNTs) and acrylonitrile-butadiene-styrene (ABS) was analyzed with respect to its VOC emissions during simulated fused deposition modeling (FDM) and compared with a regular ABS filament. VOC emissions were quantified and characterized under a variety of conditions to simulate the thermal degradation that takes place during FDM. Increasing the residence time and temperature resulted in significant increases in VOC emissions, and the oxygen content of the reaction gas influenced the VOC profile. In agreement with other studies, the primary emitted VOC was styrene. Multiple compounds are reported in this work for the first time as having formed during FDM, including 4-vinylcyclohexene and 2-phenyl-2-propanol. Our results show that printing 222.0 g of filament is enough to surpass the reference concentration for inhalation exposure of 1 mg/m3 according to the EPA's Integrated Risk Information System (IRIS). The presence of CNTs in the filament influenced VOC yields and product ratios through three types of surface interactions: (1) adsorption of O2 on CNTs lowers the available O2 for oxidation of primary backbone cleavage intermediates, (2) adsorption of styrene and other VOCs to CNTs leads to surface-catalyzed degradation, and (3) CNTs act as a trap for certain VOCs and prevent them from entering vapor emissions. While the presence of CNTs in the filament lowered the total VOC emission under most experimental conditions, they increased the emission of the most hazardous VOCs, such as α-methylstyrene and benzaldehyde. The present study has identified an increased risk associated with the use of CNT nanocomposites in 3D printing."
Effect of nozzle temperature on the emission rate of ultrafine particles during 3D printing.,2019,10.1111/ina.12624,Indoor Air: International Journal of Indoor Environment and Health,https://www.semanticscholar.org/paper/eb8508d087845173e81deeec9153033337f87232,core_emissions_measurement;health_toxicology;materials;workplace_indoor_air,47,Haejoon Jeon; Jihoon Park; Sunju Kim; Kyungho Park; C. Yoon,"Ultrafine particles and other hazardous materials are emitted during 3D printing, but the effect of temperature on such particles has not been studied systematically. The aim of this study was to evaluate the effect of temperature on the emission rate of particulate matter during fused deposition modeling (FDM) three-dimensional (3D) printing using different filament types. The number concentration of particles was measured with direct-reading instruments in an exposure chamber at various temperatures while using four filament materials during 3D printing. The temperature was increased from 185 to 290°C in 15°C increments, while incorporating the manufacturer-recommended operating conditions. The emission rate increased gradually as the temperature increased for all filament types, and temperature was the key factor affecting the emission rate after filament type. For all filaments, at the lowest operating temperature, the emission rate was 107 -109 particles/min, whereas the emission rate at the highest temperature was about 1011 particles/min, i.e., 100-10,000 times higher than the emission rate at the lowest temperature. To reduce particle emissions from 3D printing, we recommend printing at the lowest temperature possible or using low-emission materials."
Predicting Concentrations of Ultrafine Particles and Volatile Organic Compounds Resulting from Desktop 3D Printer Operation and the Impact of Potential Control Strategies.,2017,10.1111/jiec.12578,Journal of industrial ecology,https://pubmed.ncbi.nlm.nih.gov/41969752/,core_emissions_measurement;health_toxicology;materials;mitigation_filtration;workplace_indoor_air,45,Azimi P; Fazli T; Stephens B," Summary Recent studies have shown that potentially hazardous volatile organic compounds (VOCs) and ultrafine particles (UFPs) are emitted from many desktop three‐dimensional printer and filament combinations. We use recently published measurements of UFP and speciated VOC emission rates from a number of desktop 3D printers and filaments to predict the magnitudes of human exposures to airborne pollutants that would be expected in multiple locations within a typical small office environment. We also model the impacts of several control strategies for reducing occupational exposures. Results demonstrate that UFP and VOC concentrations within close or moderate proximity (i.e., within 3 and 3 to 18 meters, respectively) to some desktop 3D printer and filament combinations with the highest emissions can exceed recommended exposure levels (RELs) for some VOCs and typical indoor concentrations for both UFPs and VOCs. Concentrations of caprolactam within close proximity to a printer using some nylon‐based filaments are predicted to exceed both acute and chronic RELs set by the California Office of Environmental Health Hazard Assessment. UFP concentrations are predicted to reach as high as 80,000 particles per cubic centimeter in close proximity to the highest emitting printer and filament combinations. The printer and filament combinations with the lowest UFP and VOC emission rates are not expected to yield concentrations at levels of concern. The most effective control strategies for reducing both UFP and VOC concentrations included installing a high‐flow spot ventilation system and operating the printer in a sealed enclosure with high‐efficiency gas and particle filtration. "
An Experimental Study on the Energy Consumption and Emission Profile of Fused Deposition Modeling Process,2018,10.1016/j.promfg.2018.07.119,,https://www.semanticscholar.org/paper/6584fb51e549d0f6f93920688de5c8531e46c6a5,core_emissions_measurement;materials,39,T. Simon; Wo Jae Lee; Benjamin E J Spurgeon; Brandon E. Boor; Fu Zhao,"Abstract Additive Manufacturing (AM) is widely considered as an environmentally friendly alternative to traditional processes. However, AM processes are not free of environmental impacts: they consume material and energy while emitting particulates and/or volatile organic compounds. Although there are efforts on characterizing energy consumption and air borne emissions, in depth analysis and understanding are generally lacking when compared with traditional processes, especially machining processes. Using fused deposition modeling (FDM) process as an example, this study explores how operating procedure and printing parameters affect the energy consumption and particulates emissions. Experimental data suggests that particle emission is mainly the result of condensing and agglomerating of semi-volatile organic compounds. The initial emission spike occurs when there is dripping of semi-liquid filament from heated nozzle and/or there is residue left in the nozzle. Printing speed and material flow have effects on particle emission rate but the effect is small. Power profile analysis indicates that print bed heating and temperature maintaining is the leading contributor to energy consumption."
Technical control of nanoparticle emissions from desktop 3D printing,2021,10.1111/ina.12791,Indoor Air,https://doi.org/10.1111/ina.12791,core_emissions_measurement;mitigation_filtration;workplace_indoor_air,35,Anna‐Kaisa Viitanen; Kimmo Kallonen; Kirsi Kukko; Tomi Kanerva; Erkka Saukko; Tareq Hussein; Kaarle Hämeri; Arto Säämänen,
Characterization of Ultrafine Particles and VOCs Emitted from a 3D Printer,2021,10.3390/ijerph18030929,International Journal of Environmental Research and Public Health,https://doi.org/10.3390/ijerph18030929,core_emissions_measurement;health_toxicology;materials,32,Sarka Bernatikova; Ales Dudacek; Radka Prichystalova; Vit Klecka; Lucie Kocurkova," Currently, widely available three-dimensional (3D) printers are very popular with the public. Previous research has shown that these printers can emit ultrafine particles (UFPs) and volatile organic compounds (VOCs). Several studies have examined the emissivity of filaments from 3D printing, except glycol modified polyethylene terephthalate (PETG) and styrene free co-polyester (NGEN) filaments. The aim of this study was to evaluate UFP and VOC emissions when printing using a commonly available 3D printer (ORIGINAL PRUSA i3 MK2 printer) using PETG and NGEN. The concentrations of UFPs were determined via measurements of particle number concentration and size distribution. A thermal analysis was carried out to ascertain whether signs of fiber decomposition would occur at printing temperatures. The total amount of VOCs was determined using a photoionization detector, and qualitatively analyzed via gas chromatography-mass spectrometry. The total particle concentrations were 3.88 × 1010 particles for PETG and 6.01 × 109 particles for NGEN. VOCs at very low concentrations were detected in both filaments, namely ethylbenzene, toluene, and xylene. In addition, styrene was identified in PETG. On the basis of our results, we recommend conducting additional measurements, to more accurately quantify personal exposure to both UFPs and VOCs, focusing on longer exposure as it can be a source of potential cancer risk. "
Review on particle emissions during fused deposition modeling of acrylonitrile butadiene styrene and polylactic acid polymers,2021,10.1016/j.matpr.2020.11.521,,https://www.semanticscholar.org/paper/53513633e6514149af5c336666fb072b30331d88,core_emissions_measurement;health_toxicology;materials;resin_or_other_am,30,A. Manoj; M. Bhuyan; Swarup Raj Banik; Mamilla Ravi Sankar,"Abstract As 3D printing technology is rapidly evolving, it's impact on human health is becoming a prime concern. The major reason behind this is the emission of particles during the heating of thermoplastics used for 3D printing. Thermoplastics find very frequent applications in additive manufacturing processes. Fused Metal Deposition (FDM) is a 3D printing technique which is well known for its ability to produce complex geometries. However, the filaments used in this process, namely Acrylonitrile Butadiene Styrene (ABS) and Polylactic Acid (PLA) generate emissions which are harmful to the human health and long term exposure to them could possibly lead to life-threatening conditions. Several factors lead to the concentration and impact of particle emissions such as process parameters, material used, chemical composition, etc. Comparative research works are also carried out to find the most suitable material for 3D printing as per output and emissions. The present paper presents a review on generation of particle emissions by the usage of ABS and PLA and the notable health risks caused by them. Also, the prevention techniques of such emissions are discussed in the subsections."
A review of emission characteristics and control strategies for particles emitted from 3D fused deposition modeling (FDM) printing,2022,10.1016/j.buildenv.2022.109348,Building and Environment,https://doi.org/10.1016/j.buildenv.2022.109348,core_emissions_measurement;mitigation_filtration,30,Jie Zhang; Da-Ren Chen; Sheng-Chieh Chen,
Reducing ultrafine particulate emission from multiple 3D printers in an office environment using a prototype engineering control,2020,10.1007/s11051-020-04844-4,Journal of nanoparticle research,https://www.semanticscholar.org/paper/347be89b7ecf65aed8aa5be97eb0749f4d3683e4,core_emissions_measurement;materials;mitigation_filtration;workplace_indoor_air;resin_or_other_am,26,Kevin L. Dunn; D. Hammond; K. Menchaca; G. Roth; K. Dunn,"Recent studies have shown that high concentrations of ultrafine particles can be emitted during the 3D printing process. This study characterized the emissions from different filaments using common fused deposition modeling printers. It also assessed the effectiveness of a novel engineering control designed to capture emissions directly at the extruder head. Airborne particle and volatile organic compound concentrations were measured, and particle emission rates were calculated for several different 3D printer and filament combinations. Each printer and filament combination was tested inside a test chamber to measure overall emissions using the same print design for approximately 2 h. Emission rates ranged from 0.71 × 10 7 to 1400 × 10 7 particles/min, with particle geometric mean diameters ranging from 45.6 to 62.3 nm. To assess the effectiveness of a custom-designed engineering control, a 1-h print program using a MakerBot Replicator+ with Slate Gray Tough polylactic acid filament was employed. Emission rates and particle counts were evaluated both with and without the extruder head emission control installed. Use of the control showed a 98% reduction in ultrafine particle concentrations from an individual 3D printer evaluated in a test chamber. An assessment of the control in a simulated makerspace with 20 printers operating showed particle counts approached or exceeded 20,000 particles/cm 3 without the engineering controls but remained at or below background levels (< 1000 particles/cm 3 ) with the engineering controls in place. This study showed that a low-cost control could be added to existing 3D printers to significantly reduce emissions to the work environment."
Evaluation of the Viability of 3D Printing in Recycling Polymers,2024,10.3390/polym16081104,Polymers,https://www.semanticscholar.org/paper/05c1f78ef7977b3d56279b831964ed8fb8598bad,core_emissions_measurement;health_toxicology;materials,24,Chrysanthos Maraveas; Ioannis-Vasileios Kyrtopoulos; K. Arvanitis,"The increased use of plastics in industrial and agricultural applications has led to high levels of pollution worldwide and is a significant challenge. To address this plastic pollution, conventional methods such as landfills and incineration are used, leading to further challenges such as the generation of greenhouse gas emissions. Therefore, increasing interest has been directed to identifying alternative methods to dispose of plastic waste from agriculture. The novelty of the current research arose from the lack of critical reviews on how 3-Dimensional (3D) printing was adopted for recycling plastics, its application in the production of agricultural plastics, and its specific benefits, disadvantages, and limitations in recycling plastics. The review paper offers novel insights regarding the application of 3D printing methods including Fused Particle Fabrication (FPF), Hot Melt Extrusion (HME), and Fused Deposition Modelling (FDM) to make filaments from plastics. However, the methods were adopted in local recycling setups where only small quantities of the raw materials were considered. Data was collected using a systematic review involving 39 studies. Findings showed that the application of the 3D printing methods led to the generation of agricultural plastics such as Polylactic Acid (PLA), Acrylonitrile Butadiene Styrene (ABS), Polyethylene Terephthalate (PET), and High-Density Polyethylene (HDPE), which were found to have properties comparable to those of virgin plastic, suggesting the viability of 3D printing in managing plastic pollution. However, limitations were also associated with the 3D printing methods; 3D-printed plastics deteriorated rapidly under Ultraviolet (UV) light and are non-biodegradable, posing further risks of plastic pollution. However, UV stabilization helps reduce plastic deterioration, thus increasing longevity and reducing disposal. Future directions emphasize identifying methods to reduce the deterioration of 3D-printed agricultural plastics and increasing their longevity in addition to UV stability."
Characterization of particle emission from thermoplastic additive manufacturing,2020,10.1016/j.atmosenv.2020.117765,Atmospheric Environment,https://www.semanticscholar.org/paper/71fdc5b13fe8be79a403bcf42d415dc9aa1d6794,core_emissions_measurement;health_toxicology;materials;workplace_indoor_air,23,S. Sittichompoo; Sanjeevan Kanagalingam; Lauren E J Thomas-Seale; A. Tsolakis; J. Herreros,"Abstract Particle emission from fused-deposition modelling (FDM) desktop 3D printer has raised concerns regarding indoor personal health due to the increased accessibility of printers. This study characterises the size, number and morphology of the emitted particles to understand particle formation processes and propose guidelines for their abatement. The effects of extruder temperature, layer height, filament colour and shape of printing object on particle characteristics emitted from a desktop 3D printer have been investigated. For first time, a novel thermogravimetric analysis (TGA) method is developed to emulate printing process, which offers an insight into particle formation during extruder heating, standing-by and during the printing process. Printing temperature and printing layer height demonstrate a major effect on the ultra-fine particles (UFP) emitted, while ABS filament colour shows a minor effect on the nanoparticle emissions. Local temperature and concentration of volatile organic material emitted from the filament play an important role on the number of particles formed, while printing duration and air change rate (ACH) affect particle size, morphology and emission rate. The results provide guidelines to develop printing settings that will lead to lower UFP emissions for improved indoor air quality. The developed TGA method demonstrates the qualitative behaviour of particle emissions from a material under heating, which is approximately proportional to an FDM printers’ particle emissions; facilitating increased repeatability, time and cost efficiency for printing material assessment."
3D Printer Particle Emissions: Translation to Internal Dose in Adults and Children.,2021,10.1016/j.jaerosci.2021.105765,Journal of Aerosol Science,https://www.semanticscholar.org/paper/b6a3c1f395e2fcff9bf44edc762f96044002bf5a,core_emissions_measurement;health_toxicology;materials;workplace_indoor_air;resin_or_other_am,22,Peter Byrley; W. Boyes; K. Rogers; A. Jarabek,"Desktop fused deposition modeling (FDM®) three-dimensional (3D) printers are becoming increasingly popular in schools, libraries, and among home hobbyists. FDM® 3D printers have been shown to release ultrafine airborne particles in large amounts, indicating the potential for inhalation exposure and consequent health risks among FDM® 3D printer users and other room occupants including children. These particles are generated from the heating of thermoplastic polymer feedstocks during the FDM® 3D printing process, with the most commonly used polymers being acrylonitrile butadiene styrene (ABS) and poly-lactic acid (PLA). Risk assessment of these exposures demands estimation of internal dose, especially to address intra-human variability across life stages. Dosimetry models have proven to effectively translate particle exposures to internal dose metrics relevant to evaluation of their effects in the respiratory tract. We used the open-access multiple path particle dosimetry (MPPD v3.04) model to estimate inhaled particle deposition in different regions of the respiratory tract for children of various age groups from three months to eighteen years old adults. Mass concentration data for input into the MPPD model were calculated using particle size distribution and density data from experimental FDM® 3D printer emissions tests using both ABS and PLA. The impact of changes in critical parameters that are principal determinants of inhaled dose, including: sex, age, and exposure duration, was examined using input parameter values available from the International Commission on Radiological Protection. Internal dose metrics used included regional mass deposition, mass deposition normalized by pulmonary surface area, surface area of deposited particles by pulmonary surface area, and retained regional mass. Total mass deposition was found to be highest in the 9-year-old to 18-year-old age groups with mass deposition by pulmonary surface area highest in 3-month-olds to 9-year-olds and surface area of deposited particles by pulmonary surface area to be highest in 9-year-olds. Clearance modeling revealed that frequent 3D printer users are at risk for an increased cumulative retained dose."
Paper-based optoelectronic nose for identification of indoor air pollution caused by 3D printing thermoplastic filaments.,2021,10.1016/j.aca.2020.11.012,Analytica Chimica Acta,https://www.semanticscholar.org/paper/7c38527e559e9daacc0b00f35375b4cb9d222b7c,core_emissions_measurement;health_toxicology;materials;workplace_indoor_air,22,Naira Dias Pinheiro; R. Freire; J. Conrado; A. Batista; João Flávio da Silveira Petruci,"Commercial printers based on fused deposition modeling (FDM) are widely adopted for 3D printing applications. This method consists of the heating of polymeric filaments over the melting point followed by their deposition onto a solid base to create the desirable 3D structure. Prior investigation using chromatographic techniques has shown that chemical compounds (e.g. VOCs), which can be harmful to users, are emitted during the printing process, producing adverse effects to human health and contributing to indoor air pollution. In this study, we present a simple, inexpensive and disposable paper-based optoelectronic nose (i.e. colorimetric sensor array) to identify the gaseous emission fingerprint of five different types of thermoplastic filaments (ABS, TPU, PETG, TRITAN and PLA) in the indoor environment. The optoelectronic nose is comprised of selected 15 dyes with different chemical properties deposited onto a microfluidic paper-based device with spots of 5 mm in diameter each. Digital images were obtained from an ordinary flatbed scanner, and the RGB information collected before and after air exposure was extracted by using an automated routine designed in MATLAB, in which the color changes provide a unique fingerprint for each filament in 5 min of printing. Reproducibility was obtained in the range of 2.5-10% (RSD). Hierarchical clustering analysis (HCA) and principal component analysis (PCA) were successfully employed, showing suitable discrimination of all studied filaments and the non-polluted air. Besides, air spiked with vapors of the most representative VOCs were analyzed by the optoelectronic nose and visually compared to each filament. The described study shows the potential of the paper-based optoelectronic nose to monitor possible hazard emissions from 3D printers."
"Emission Profiles of Volatiles during 3D Printing with ABS, ASA, Nylon, and PETG Polymer Filaments",2022,10.3390/molecules27123814,Molecules,https://doi.org/10.3390/molecules27123814,core_emissions_measurement;materials,22,Wojciech Wojnowski; Mariusz Marć; Kaja Kalinowska; Paulina Kosmela; Bożena Zabiegała," In this short communication we characterize the emission of volatile organic compounds (VOCs) from fused filament fabrication (FFF) 3D printing using four polymer materials, namely polyethylene terephthalate glycol-modified (PETG), acrylonitrile styrene acrylate (ASA), Nylon, and acrylonitrile butadiene styrene (ABS). Detailed emission profiles are obtained during thermal degradation of the polymers as a function of temperature and also in real-time during 3D printing. Direct quantitative measurement was performed using proton transfer reaction time-of-flight mass spectrometry (PTR-ToF-MS). Qualitative determination of the volatiles emitted from the printed elements at various temperatures was accomplished using gas chromatography-mass spectrometry (GC-MS). The emission rates of VOCs differ significantly between the different polymer filaments, with the emission from Nylon and PETG more than an order of magnitude lower than that of ABS. "
3D Printing - Evaluating Particle Emissions of a 3D Printing Pen.,2020,10.3791/61829,Journal of visualized experiments : JoVE,https://pubmed.ncbi.nlm.nih.gov/33104072/,core_emissions_measurement,20,Sigloch H; Bierkandt FS; Singh AV; Gadicherla AK; Laux P; Luch A,
Dynamic Analysis of Particle Emissions from FDM 3D Printers through a Comparative Study of Chamber and Flow Tunnel Measurements,2020,10.1021/acs.est.0c05309,Environmental Science & Technology,https://openalex.org/W3096572948,core_emissions_measurement;health_toxicology;workplace_indoor_air,20,Shirun Ding; Man Pun Wan; Bing Feng Ng,"Ultrafine particle emissions originating from fused deposition modeling (FDM) three-dimensional (3D) printers have received widespread attention recently. However, the obvious inconsistency and uncertainty in particle emission rates (PERs, #/min) measured by chamber systems still remain, owing to different measurement conditions and calculation models used. Here, a dynamic analysis of the size-resolved PER is conducted through a comparative study of chamber and flow tunnel measurements. Two models to resolve PER from the chamber and a model for flow tunnel measurements were examined. It was found that chamber measurements for different materials underestimated PER by up to an order of magnitude and overestimated particle diameters by up to 2.3 times, while the flow tunnel measurements provided more accurate results. Field measurements of the time-resolved particle size distribution (PSD) in a typical room environment could be predicted well by the flow tunnel measurements, while the chamber measurements could not represent the main PSD characteristics (e.g., particle diameter mode). Secondary aerosols (>30 nm) formed in chambers were not observed in field measurements. Flow tunnel measurements were adopted for the first time as a possible alternative for the study of 3D printer emissions to overcome the disadvantages in chamber methods and as a means to predict exposure levels."
Metal compositions of particle emissions from material extrusion 3D printing: Emission sources and indoor exposure modeling,2023,10.1016/j.scitotenv.2022.160512,Science of The Total Environment,https://doi.org/10.1016/j.scitotenv.2022.160512,core_emissions_measurement;health_toxicology;workplace_indoor_air;resin_or_other_am,19,Qian Zhang; Rodney J. Weber; Todd P. Luxton; Derek M. Peloquin; Eric J. Baumann; Marilyn S. Black,
Fine particulate and chemical emissions from desktop 3D printers,2016,10.2352/issn.2169-4451.2017.32.121,NIP &amp; Digital Fabrication Conference,https://www.semanticscholar.org/paper/8210aa0f2ccf328133e12a98a7995f81c05c351b,core_emissions_measurement;health_toxicology;materials;mitigation_filtration;workplace_indoor_air,14,R. Weber; Qian Zhang; J. Wong; Aika Y. Davis; M. Black,"Fused deposition modeling (FDM) printers, the more common type of desktop 3D printers, emit volatile gases and particulates that may deteriorate indoor air quality. The developed method for characterizing and quantifying emissions from an operating 3D printer measures fine particulate and volatile organic compound (VOC) concentrations over time using an environment controlled testing chamber. All tested printers emitted ultrafine particulates (UFP). Approximately 70% of the particulates released from the printers were less than 50 nm in diameter. Emitted UFPs increased in size over time by coagulating with other particles and condensation of printer-generated vapors. Chemical compositions of the released gases varied depending on the filament material. Volatile chemicals such as styrene and ethylbenzene were released from acrylonitrile butadiene styrene (ABS) filament. Caprolactam, originating from a nylon filament, was a predominant released gas. Though polylactic acid (PLA) filament is thought to be safer since it is biodegradable, PLA still released chemicals such as methyl methacrylate. Acetaldehyde and formaldehyde were released from all the studied filaments. ABS emitted more particles than PLA or nylon filaments. The extrusion nozzle temperature on the printer had the greatest effect on both particles and VOC emissions; the emissions increased as the temperature of the nozzle increased. Depending on the maker of the filaments, the total particle number emissions varied by a factor of 20. Filament colors had minor effects on emissions compared to other parameters studied. Introduction The 3D printer market is estimated to grow at a compound annual rate of 44% [1]. Among diverse 3D printers on the market, fused deposition modeling (FDM) 3D printers are relatively inexpensive and convenient to use, making them accessible to the general public. FDM 3D printers heat a filament to a semi-liquid state and deposit it to build a 3dimensional object by layers [2]. In particular, desktop-sized 3D printers are often used in educational institutions (from primary schools to universities), design offices, libraries, and within homes [3]. Many of these locations have the potential to expose susceptible populations, such as children, to any toxic emissions generated in the printing process. It is known that commercial extrusion processing of thermoplastics generates both particles and volatile organic compounds (VOCs) [4], and some of the thermal decomposition products are recognized to be toxic [5, 6]. FDM 3D printers are potentially hazardous to operate in certain indoor environments. Due to the increasing usage of 3D printers and past experience with laser printer emissions, characterization of 3D printer emissions is necessary to assess human exposure and potential health impacts. A number of studies have recently reported emissions from commercial 3D printers [7, 8, 9, 10, 11], but the use of differing characterization methods make it difficult to compare and contrast factors influencing emissions reported amongst the previous studies. In order to address this limitation and to understand the factors that drive emissions, a standard testing and evaluation method is essential. Consistent characterization of particle emissions according to printer and filament combinations and operation conditions would then be possible and could be provided to consumers when considering purchasing these printers."
Evaluation of stress-controlled high-cycle fatigue characteristics in PLA-wood fused deposition modeling 3D-printed parts under bending loads,2024,10.1371/journal.pone.0300569,PLoS ONE,https://openalex.org/W4394933353,core_emissions_measurement;materials;mitigation_filtration,13,Morteza Kianifar; Mohammad Azadi; Fatemeh Heidari,"PLA (Poly-lactic acid)-wood provides more biodegradability through natural fibers, a significant advantage of pure PLA. Nevertheless, these bio-composites may have inferior mechanical properties compared to non-degradable polymer composites, considering the lower strength of natural particles compared to synthetic fibers. This research examines the fatigue behavior of additive-manufactured biopolymer PLA-wood and assesses its comparability with pure PLA. Therefore, solid fatigue test samples were printed using the FDM (fused deposition modeling) method. Afterward, fully reversed rotary bending fatigue experiments were performed at 4 different stress levels (7.5 to 15 MPa) to extract the S-N curve of PLA-wood. Moreover, the fatigue fracture surfaces of the PLA-wood were investigated and compared at the highest and lowest stress levels using an FE-SEM (Field Emission Scanning Electron Microscopy), indicating more ductile fracture marks at higher stress levels. The fatigue lifetime of the PLA-wood decreased by 87.48% at the highest stress level (15 MPa), rather than the result at the lowest stress level (7.5 MPa). Additionally, the results demonstrated that the fatigue characteristics of the printed pure PLA and PLA-wood were comparable, suggesting that the 3D-printed PLA-wood with the used printing parameters can be an alternative choice."
Emissions of fine and ultrafine particles and volatile organic compounds from different filament materials operated on a low-cost 3D printer,2018,,,https://www.semanticscholar.org/paper/4ef115b6f5394bfebc64449301577d5fc8e900e9,core_emissions_measurement;materials,11,Doris Brödner; T. Jacobi; F. Rasch; M. Rothhardt; O. Wilke,
Analysis of Volatile Organic Compound Emissions in 3D Printing: Implications for Indoor Air Quality,2024,10.3390/buildings14113343,Buildings,https://openalex.org/W4403637909,core_emissions_measurement;workplace_indoor_air,11,Héctor García-González; Teresa Lopez-Pola; Pilar Fernandez-Rubio; Pablo Fernandez-Rodriguez,
Literature review on emissions from additive manufacturing by FDM method and their impact on human health,2020,10.24425/mper.2020.134933,Management and Production Engineering Review,https://openalex.org/W3093915370,core_emissions_measurement;health_toxicology,10,Anna Karwasz; Filip Osiński,
Prevention through design: insights from computational fluid dynamics modeling to predict exposure to ultrafine particles from 3D printing.,2021,10.1080/15287394.2021.1886210,Journal of toxicology and environmental health. Part A,https://pubmed.ncbi.nlm.nih.gov/33641630/,core_emissions_measurement;health_toxicology,10,MacCuspie RI; Hill WC; Hall DR; Korchevskiy A; Strode CD; Kennedy AJ; Ballentine ML; Rycroft T,
Health and safety in 3D printing,2022,10.24840/2184-0954_006.001_0003,International Journal of Occupational and Environmental Safety,https://openalex.org/W4225130481,core_emissions_measurement;health_toxicology;materials;mitigation_filtration;workplace_indoor_air,10,Héctor García-González; Teresa López Pola,"Fused deposition modelling, or 3D printing, is an additive manufacturing technique that is quickly gaining popularity because of its ability to produce usable parts with several geometries. It provides multiple advantages in everyday life. However, the emerging risks of using 3D printers at home is an issue that needs to be addressed. It is estimated that a person spends, on average, 80-90% of their time inside a building, up to 60% of that time is at home. Therefore it is essential to control the pollutants in the indoor environment. This paper evaluated the Volatile Organic Compounds (VOCs) and nanoparticle emissions during 3D printing with the most common Poly-Lactic Acid (PLA) and Acrylonitrile Butadiene Styrene (ABS) materials. Real-time aerosol monitors were used to characterise particulate emission, and laboratory analysis was used to check the VOCs levels. During printing, an increase of VOCs and nanoparticles was observed. This increase was more significant during printing with ABS filaments than during printing with PLA filaments. The nanoparticles size emitted for the ABS filament was smaller than the particles emitted for the PLA filament. A carcinogen substance like benzene was found during printing. The pollutants levels observed may cause health problems, and it is recommended that printing be avoided without engineering controls in place, e.g. a good ventilation and extraction system."
"Particle emission levels in the user operating environment of powder, ink and filament-based 3D printers",2021,10.1108/rpj-02-2020-0039,Rapid Prototyping Journal,https://openalex.org/W3171956024,core_emissions_measurement;materials;resin_or_other_am,9,Shirun Ding; Bing Feng Ng,
Sarcomas in Teachers Using Three-Dimensional Printers: A Report of Three Patients and Literature Review.,2022,10.4055/cios21181,Clinics in orthopedic surgery,https://pubmed.ncbi.nlm.nih.gov/35685978/,core_emissions_measurement;health_toxicology;workplace_indoor_air,9,Joo MW; Lee YS; Chung YG; Lee HK,"Background While low-cost, small-scale, desktop three-dimensional (3D) printers are gaining popularity in the education sector, some studies have reported harmful emissions of particles and volatile organic compounds during the fused deposition modeling (FDM) process, posing a potential health risk. Sarcomas are rare tumors, constituting a group of diverse rare malignant tumors. While some genetic and environmental factors contribute to the development of sarcomas, most cases are idiopathic and sporadic. Methods We secured the medical records and statements about work environment from teachers diagnosed with sarcomas after frequent use of 3D printers in high schools, reviewed the cases, and described them in narrative format. Furthermore, popularization of FDM 3D printers, worrisome emissions released during the printing process, and related precautions and countermeasures were discussed through literature review. Results Exceptionally, the cases of sarcomas, such as Ewing’s sarcoma, malignant peripheral nerve sheath tumor, and well-differentiated liposarcoma, arose in a common specific condition. All the teachers regularly operated 3D printers in poorly ventilated spaces for at least 2 years. They had no past or family history of relevant diseases. Conclusions We first reported three cases of sarcoma in teachers who used 3D printers in poorly ventilated conditions. Although a relationship between the use of 3D printers and the development of sarcomas has not been determined yet, it is important to come up with measures to protect teachers and students using 3D printers from the potential hazard."
Characterization of Volatile and Particulate Emissions from Desktop 3D Printers,2023,10.3390/s23249660,Sensors,https://openalex.org/W4389365846,core_emissions_measurement,8,Melissa Finnegan; Colleen Lee Thach; Shirin Khaki; Emma Markey; David J. O’Connor; Alan F. Smeaton; Aoife Morrin,
3D printer emissions elicit filament-specific and dose-dependent metabolic and genotoxic effects in human airway epithelial cells,2024,10.3389/fpubh.2024.1408842,Frontiers in Public Health,https://openalex.org/W4400587121,core_emissions_measurement;health_toxicology;materials,8,LMA Barnett; Qian Zhang; Siddharth R. Sharma; Saeed Alqahtani; Jonathan H. Shannahan; M. Black; Christa Wright,
Review of volatile organic compound (VOC) emissions from desktop 3D printers and associated health implications,2025,10.1038/s41370-025-00778-y,Journal of Exposure Science & Environmental Epidemiology,https://openalex.org/W4410192648,core_emissions_measurement;health_toxicology,8,Danielle A Baguley; Gareth S. Evans; Delphine Bard; P. S. Monks; Rebecca L. Cordell,
Analysis of emission of volatile organic compounds and thermal degradation in investment casting using fused deposition modeling (FDM) and three-dimensional printing (3DP) made of various thermoplastic polymers,2024,10.1007/s11356-024-35200-x,Environmental science and pollution research international,https://www.semanticscholar.org/paper/40b21779668ee9eb0b5a5427d7eb5ebc126ef5c9,core_emissions_measurement;materials,7,A. Hejna; Mariusz Marć; P. Szymański; Kamila Mizera; M. Barczewski,"The study examined the degradation process of various types of polymers used to form models using the fused deposition modeling (FDM) and three-dimensional printing (3DP) methods and used in the investment casting method. Commercial filaments made of polylactide (PLA), acrylonitrile butadiene styrene terpolymer (ABS), high-impact polystyrene (HIPS), polyamide 12 (PA12), poly(methyl methacrylate) (PMMA), and polypropylene (PP) were used to produce gypsum molds. The assessment included organic volatile compounds (VOCs) released during mold heating and model degradation, which is characteristic of this technological process. The screening qualitative chromatographic analysis of decomposition products sampled from various points of the production hall made it possible to define potential threats related to the processing of selected polymers and the necessary preventive measures. Furthermore, passive diffusion-type samplers were used at the sampling stage of VOCs emitted to the gaseous phase to reduce nuisance and user interference. Studies have been completed to characterize the thermoplastic polymer degradation process. The coupled thermogravimetry (TGA) with analysis of gaseous products by infrared spectroscopy with Fourier transformation (FT-IR) has been used. The presented results are the first to compare and rate the use of this still-developing novel aspect of castings by the method of fused models."
Assessment of emissions and exposure in 3D printing workplaces in Taiwan,2024,10.1080/15459624.2024.2313655,Journal of Occupational and Environmental Hygiene,https://www.semanticscholar.org/paper/c14e55d263ec90161d20a5a45fc90dd8296670e2,core_emissions_measurement;health_toxicology;materials;mitigation_filtration;workplace_indoor_air;resin_or_other_am,7,Yung-Sheng Chuang; Abiyu Kerebo Berekute; Hsuan-Yu Hsu; Ho-Sheng Wei; Wen-Cheng Gong; Ya-Yuan Hsu; Chuen-Jinn Tsai; K. Yu,"Abstract Three-dimensional (3D) printing is an emerging and booming industry in Taiwan. Compared to traditional manufacturing, 3D printing has various advantages, such as advanced customization, additive manufacturing, reduced mold opening time, and reduced consumption of precursors. In this study, the real-time monitoring of particulate matter (PM) and total volatile organic compound (TVOC) emissions from various filaments is investigated using fused deposition modeling with material extrusion technology, a liquid-crystal display, a stereolithography apparatus based on vat photopolymerization technology, and binder jetting for occupational settings. An exposure assessment for nearby workers using the 3D printing process was performed, and improvement measures were recommended. Nine 3D printing fields were measured. The generation rate of ultrafine particles ranged from 1.19 × 1010 to 4.90 × 1012 #/min, and the geometric mean particle size ranged from 30.91 to 55.50 nm. The average concentration of ultrafine particles ranged from 2.31 × 103 to 7.36 × 104 #/cm3, and the PM2.5 and PM10 concentrations in each field ranged from 0.74 ± 0.27 to 12.46 ± 5.61 μg/m3 and from 2.39 ± 0.60 to 30.65 ± 21.26 μg/m3, respectively. The TVOC concentration ranged from 0.127 ± 0.012 to 1.567 ± 0.172 ppm. The respiratory deposition (RDUFPs) dose ranged from 2.02 × 1013 to 5.54 × 1014 nm2/day. Depending on the operating conditions, appropriate control and protective measures should be employed to protect workers’ health."
Pulmonary evaluation of whole-body inhalation exposure of polycarbonate (PC) filament 3D printer emissions in rats.,2024,10.1080/15287394.2024.2311170,Journal of toxicology and environmental health. Part A,https://pubmed.ncbi.nlm.nih.gov/38314584/,core_emissions_measurement;health_toxicology;materials,7,Farcas MT; McKinney W; Mandler WK; Knepp AK; Battelli L; Friend SA; Stefaniak AB; Service S,
Emissions of Volatile Compounds and Solids during Additive Manufacturing by the FFF Method,2023,10.3390/app13116371,Applied Sciences,https://openalex.org/W4378084982,core_emissions_measurement,6,Ewa Dostatni; Filip Osiński; Anna Karwasz,
Analysis of ways to reduce potential health risk from ultrafine and fine particles emitted from 3D printers in the makerspace.,2022,10.1111/ina.13053,Indoor Air: International Journal of Indoor Environment and Health,https://www.semanticscholar.org/paper/c4d375c4dd97e97ab317f09ca6755bf784796431,core_emissions_measurement;health_toxicology;materials;mitigation_filtration;workplace_indoor_air,5,Seungkeun Yeom; Hakpyeong Kim; Taehoon Hong; Kwangbok Jeong,"Due to the growing maker culture, maker spaces using multiple fused deposition modeling (FDM)-3D printers have spread around the world. However, the 3D printing process is known to cause the release of ultrafine and fine particles, which may have adverse health effects on occupants. Therefore, this experiment-based study was conducted on FDM-3D printers placed in an actual makerspace by the following three scenarios: the number of operating FDM-3D printers, ventilation, and measurement location to compare the concentrations of ultrafine and fine particles. In addition, the deposited dose in alveolar region for ultrafine and fine particles was predicted using a respiratory deposition model to analyze the potential health risk on occupants. As a result, the scenario-based comparison revealed that if the number of operating 3D printers is reduced by less than half, the potential health risk can be decreased by 34.1%, proper ventilation can reduce potential health risk by 55.5%, and working away from the 3D printer can also reduce potential health risk by up to 27.5%. This study analyzed the potential health risk of multiple FDM-3D printers on users in an actual makerspace, and proposed various improvement measures to reduce the potential health risk of ultrafine and fine particles."
Fused Filament Fabrication 3D Printing: Quantification of Exposure to Airborne Particles,2022,10.3390/jcs6050119,Journal of Composites Science,https://openalex.org/W4224248217,core_emissions_measurement;health_toxicology;materials,5,Stratos Saliakas; Panagiotis Karayannis; Ioannis Kokkinopoulos; Spyridon Damilos; Eleni Gkartzou; Panagiotis Zouboulis; Anna Karatza; Elias P. Koumoulos,
Multi-objective optimization of surface finish and VOC emissions in FFF 3D printing using ANN–NSGA-II approach,2025,10.1038/s41598-025-17304-7,Scientific Reports,https://openalex.org/W4414748740,core_emissions_measurement,5,A. M. Reda; Denis Ashok S.,
Cytotoxicity and Characterization of Ultrafine Particles from Desktop Three-Dimensional Printers with Multiple Filaments.,2023,10.3390/toxics11090720,Toxics,https://pubmed.ncbi.nlm.nih.gov/37755731/,core_emissions_measurement;health_toxicology;materials;mitigation_filtration,3,Fang R; Mohammed AN; Yadav JS; Wang J," Previous research has indicated that ultrafine particles (UFPs, particles less than 100 nm) emitted from desktop three-dimensional (3D) printers exhibit cytotoxicity. However, only a limited number of particles from different filaments and their combinations have been tested for cytotoxicity. This study quantified the emissions of UFPs from a commercially available filament extrusion desktop 3D printer using three different filaments, including acrylonitrile butadiene Styrene (ABS), thermoplastic polyurethane (TPU), and polyethylene terephthalate glycol (PETG). In this study, controlled experiments were conducted where the particles emitted were used to expose cells grown in an air-liquid interface (ALI) system. The ALI exposures were utilized for in vitro characterization of particle mixtures, including UFPs from a 3D printer. Additionally, a lactate dehydrogenase (LDH) assay was used to evaluate the cytotoxic effects of these UFPs. A549 cells were exposed at the ALI to UFPs generated by an operational 3D printer for an average of 45 and 90 min. Twenty-four hours post-exposure, the cells were analyzed for percent cytotoxicity in a 24-well ALI insert (LDH assay). UFP exposure resulted in diminished cell viability, as evidenced by significantly increased LDH levels. The findings demonstrate that ABS has the most significant particle emission. ABS was the only filament that showed a significant difference compared to the high efficiency particulate arrestance (HEPA) following 90 min of exposure (p-value &lt; 0.05). Both ABS and PETG exhibited a significant difference compared to the HEPA control after 45 min of exposure. A preliminary analysis of potential exposure to these products in a typical environment advises caution when operating multiple printer and filament combinations in poorly ventilated spaces or without combined gas and particle filtration systems. "
Extraction of volatile organic compounds liberated upon filament extrusion by 3D pen and its comparison with a desktop 3D printer using solid-phase microextraction fiber and Arrow,2024,10.1016/j.chroma.2024.464740,Journal of Chromatography A,https://doi.org/10.1016/j.chroma.2024.464740,core_emissions_measurement;materials;mitigation_filtration,3,Bhawana Thapa; David S. Bell; Jared L. Anderson,"Desktop 3D printers that operate by the fused deposition modeling (FDM) mechanism are known to release numerous hazardous volatile organic compounds (VOCs) during printing, including some with potential carcinogenic effects. Operating in a similar manner to FDM 3D printers, 3D pens have gained popularity recently from their ability to allow users to effortlessly draw in the air or create various 3D printed shapes while handling the device like a pen. In contrast to numerous modern 3D printers, 3D pens lack their own ventilation systems and are often used in settings with minimum airflow. Their operation makes users more vulnerable to VOC emissions, as the released VOCs are likely to be in the breathing zone. Consequently, monitoring VOCs released during the use of 3D pens is crucial. In this study, VOCs liberated while extruding acrylonitrile butadiene styrene (ABS) filaments from a 3D pen were measured by solid-phase microextraction (SPME) combined with gas chromatography/mass spectrometry (GC/MS). SPME was investigated using the traditional fiber and Arrow geometries with the DVB/Carbon WR/PDMS sorbent while four different brands of ABS filaments-Amazon Basics, Gizmodork, Mynt 3D, and Novamaker-were used with the 3D pen. Heatmap analysis showed differentiation among these brands based on the liberated VOCs. The nozzle temperature and printing speed were found to affect the number and amount of released VOCs. This study goes a step further and presents for the first time a comparison between 3D pen and a desktop 3D printer based on liberated VOCs. Interestingly, the findings reveal that the 3D pen releases a greater number and amount of VOCs compared to the printer. The amounts of liberated VOCs, as indicated by the corresponding chromatographic peak areas, were found to be 1.4 to 62.6 times higher for the 3D pen compared to the 3D printer when using SPME Arrow."
Emission Characteristics of Volatile Organic Compounds from Material Extrusion Printers Using Acrylonitrile–Butadiene–Styrene and Polylactic Acid Filaments in Printing Environments and Their Toxicological Concerns,2025,10.3390/toxics13040276,Toxics,https://www.semanticscholar.org/paper/a3786ac40e21b40427205598e39f40df748c1af0,core_emissions_measurement;health_toxicology;materials;workplace_indoor_air,3,Yuan Gao; Yawei Xue; Chenyang Sun; Luhang She; Ying Peng,"The utilization of 3D printing releases a multitude of harmful gas pollutants, posing potential health risks to operators. Materials extrusion (ME; also known as fused deposition modeling (FDM)), a widely adopted 3D printing technology, predominantly employs acrylonitrile–butadiene–styrene (ABS) and polylactic acid (PLA) as printing materials, with the respective market shares of these materials reaching approximately 75%. The extensive usage of ABS and PLA during the ME process leads to significant volatile organic compound (VOC) emissions, thereby deteriorating the quality of indoor air. Nevertheless, information regarding the emission characteristics of VOCs and their influencing factors, as well as the toxicological impacts of the printing processes, remains largely unknown. Herein, we thoroughly reviewed the emission characteristics of VOCs released during ME printing processes using ABS and PLA in various printing environments, such as chambers, laboratories, and workplaces, as well as their potential influencing factors under different environmental conditions. A total of 62 VOC substances were identified in chamber studies using ABS and PLA filaments; for example, styrene had an emission rate of 0.29–113.10 μg/min, and isopropyl alcohol had an emission rate of 3.55–56.53 μg/min. Emission rates vary depending on the composition of the filament’s raw materials, additives (such as dyes and stabilizers), printing conditions (temperature), the printer’s condition (whether it has closure), and other factors. Additionally, we reviewed the toxicological concerns associated with hazardous VOC species commonly detected during the ME printing process and estimated cancer and non-cancer risks for users after long-term inhalation exposure. Potential health hazards associated with inhalation exposure to benzene, formaldehyde, acetaldehyde, styrene, and other substances were identified, which were calculated based on concentrations measured in real indoor environments. This study provides valuable insights for future research on the development of ME printing technologies and offers suggestions to reduce VOC emissions to protect users."
3D Printing in Makerspaces: Health and Safety Concerns.,2017,10.29173/istl1712,Issues in Science and Technology Librarianship,https://www.semanticscholar.org/paper/1a4c67d47c4972c07dc378a7c2d51525b1484712,core_emissions_measurement;health_toxicology;materials,2,N. Bharti,"3D (three-dimensional) printing is included in makerspaces around the world and has become increasingly affordable and useful. Most makerspaces use Fused Deposition Modeling (FDM)-based 3D printers, using polylactic acid (PLA) and acrylonitrile butadiene styrene (ABS) as printing materials. However, heating PLA and ABS to high temperatures emits ultrafine particles and volatile organic compounds, which are potentially harmful and raise health and safety concerns. This paper discusses the health and safety hazards posed by 3D printing and presents recommendations to minimize the effects of these hazards. [ABSTRACT FROM AUTHOR] "
Cytotoxicity and Characterization of Ultrafine Particles from Desktop Three-Dimensional Printers with Multiple Filaments,2023,10.20944/preprints202306.1327.v1,Preprints.org,https://doi.org/10.20944/preprints202306.1327.v1,core_emissions_measurement;health_toxicology;materials;mitigation_filtration,2,Runcheng Fang; Jun Wang; Afzaal nadeem Mohammed; Jagjit Yadav," Previous research via cell experiments has shown that ultrafine particles (UFPs, particles less than 100 nm) emitted from Three-Dimensional desktop printers (3D printers) had cytotoxicity. However, a few particles from different filaments and their cytotoxicity combinations have been tested. Here we quantify emissions of UFPs and use Air-Liquid Interface (ALI) from one commercially available filament extrusion desktop 3D printer utilizing three different filaments by controlled experiments. A549 cells were exposed at the ALI to UFPs generated by a working 3D printer for an average of 45 minutes and 90 minutes. Twenty-four hours after exposure, cells were analyzed for percent cytotoxicity grown on the 24-well ALI insert (LDH assay). UFP exposure resulted in decreased cell viability (significantly increased LDH levels). The result shows that Acrylonitrile butadiene styrene (ABS) has the most significant particle emission. ALI exposures enable in vitro testing of mixtures of particles such as UFP from a 3D printer. ABS is the only filament with a significant difference compared with the HEPA control in 90 minutes of exposure (p-value &amp;amp;lt;0.05). ABS and PETG we used during the experiment presented a significant difference compared with the HEPA control in 45 minutes of exposure.A screening analysis of potential exposure to these products in a typical environment suggests caution should be used when operating many printer and filament combinations in poorly ventilated spaces or without the aid of combined gas and particle filtration systems. "
Risk assessment and toxicity effects of materials used during additive manufacturing with FDM technology,2024,10.13075/mp.5893.01486,Medycyna Pracy,https://openalex.org/W4393097068,core_emissions_measurement;health_toxicology;materials;mitigation_filtration,2,Elżbieta Dobrzyńska; Luiza Chojnacka-Puchta; Dorota Sawicka; Piotr Sobiech; Tomasz Jankowski; Adrian Okołowicz; Małgorzata Szewczyńska,"This paper discusses the potential of additive printing, the risks it poses to users' health (including 3D printer operators) and the effects of chemical substances released during the printing based on the available in vitro and in vivo studies. It was shown that substances emitted during printing with the commonly used acrylonitrile butadiene styrene (ABS) filament in additive manufacturing might have carcinogenic, hepatotoxic and teratogenic effects, as well as toxic effect on the respiratory system. The latest research on the mechanism of formation of particles and volatile organic compounds (VOCs) during 3D printing, the parameters affecting their potential emission, and trends in reducing these hazards are indicated. The need for the design of more environmentally friendly and less emissive printing materials, as well as strategies for prevention and individual and collective protection measures are emphasized. Users of 3D printers should be familiar with all possible aspects of the threats associated with the printing process. Insufficient data on direct exposure to chemicals and particles released during the use of filaments makes it difficult to build awareness of safe working practices. Of particular concern is the health impact of emitted chemicals and particles from thermally treated materials in one of the most popular technologies for 3D printing, i.e., fused deposition modelling. Exposure of the users to, for example, plasticizers added to filaments occurs through a variety of routes, by absorption through the skin, by inhalation or ingestion. Available epidemiological data, as well as current experimental works, indicate that such exposure is a high risk of cardiovascular diseases, atherosclerosis in adults, and cardiac problems and metabolic disorders in children. This review, by identifying potential risk factors, may contribute to reducing the health loss of printer users and improving working conditions and safety, especially in enterprises where additive manufacturing technology is used. Med Pr Work Health Saf. 2024;75(2)."
Occupational Exposure to Nanoparticles in Additive Manufacturing Risk Assessment and Mitigation Strategies,2025,10.38177/ajast.2025.9402,Asian journal of applied science and technology,https://www.semanticscholar.org/paper/cac69f210d3f8c3cf9f04ceb6d30b889ea904bda,core_emissions_measurement;health_toxicology;mitigation_filtration;workplace_indoor_air;resin_or_other_am,2,E. N. Orhuebor; John Aberebuofori; Chris Akpololohor; G. Isangadighi; Nkechi Blessing Chinedu,"The Implementation of nanotechnology in additive manufacturing (AM) has revolutionised production productivity. Nevertheless, it has also created several occupational health issues, leading to the release of nanoparticles into the atmosphere. Though the exposure process is primarily used in industry, there is little quantitative understanding of exposure patterns and the effectiveness of mitigation in AMs. The objective of the study was to measure nanoparticle exposure in three AM processes —Fused Deposition Modelling (FDM), Selective Laser Melding (SLM), and Binder Jetting — and to develop a comprehensive risk control and assessment framework. Real-time aerosol surveillance of airborne nanoparticles was measured and characterised using a Canning Mobility Particle Sizer (SMPS), a Condensation Particle Counter (CPC), and an Aerodynamic Particle Sizer (APS), in conjunction with transmission electron microscopy (TEM) and GIS-based spatial modelling. Risk indices used to determine exposure severity include the Composite Exposure Index (CEI), Hazard Quotient (HQ), and Normative Risk Index (NRI). It was determined that the maximum concentration (1.1 x 106 particles/cm3 ) and NRI (0.80) was observed in SLM and the most emitted particles were the ultrafine particles (<100 nm). The use of mitigation measures of sealed enclosure, local exhaust ventilation, and administration control reduced the filing of nanoparticles by 58%. The thermodynamic influences on the dynamics of emission were confirmed as the correlation between high process temperature, length of exposure and strength of concentration were high. The research concludes that AM, as a form of nanoparticle exposure, is process-driven and can be significantly reduced through innovative engineering and intervention strategies. It suggests that real-time monitoring, enclosed handling systems, and occupational biomonitoring should be institutionalised. At the same time, nano-specific exposure limits should be implemented to promote safer industrial practices in new manufacturing technologies."
Acute health effects of desktop 3D printing (FDM) using ABS and PLA materials: an experimental exposure study in human volunteers,2018,,,https://www.semanticscholar.org/paper/14e8a496ba30e69c475cb621ca84d93cddd7b031,health_toxicology;materials,1,I. Gümperlein; E. Fischer; G. Dietrich-Gümperlein; S. Karrasch; Dennis Nowak; R. Jörres; R. Schierl,
Production and New Green Activation of Conductive 3D-Printed Cu/PLA Electrode: Its Performance in Hydrogen Evolution Reactions in Alkaline Media,2023,10.32571/ijct.1375421,International Journal of Chemical Technology,https://www.semanticscholar.org/paper/6f7b78cf77f5182dd78f89b3ad2a09d1063e9af1,core_emissions_measurement;materials;resin_or_other_am,1,Halil Eki̇ci̇; Sevgi Ateş; Evrim Baran Aydın,"In this study, Cu-polylactic acid (PLA) composite filaments were produced with an extruder and three-dimensional (3D) Cu/PLA electrodes were 3D printed with Fused Deposition Modelling (FDM) method. To improve the electrochemical performance of the 3D-Cu/PLA electrode, a novel electrochemical activation method, which differentiates from complex activation methods in the literature, was applied in 1 M KOH solution without using any solvent. Field emission scanning electron microscopy (FE-SEM), Energy-Dispersive X-ray Spectroscopy (EDX), Fourier Transform Infrared Spectroscopy (FT-IR), and RAMAN techniques were used to characterize the 3D-Cu/PLA electrode before and after activation. The results showed that Cu particles were released after the degradation of PLA after activation. In addition, the thermal stability of the 3D electrode was demonstrated by the TGA technique. The performance of the 3D Cu/PLA electrode before and after activation in the hydrogen evolution reaction (HER) in 1M solution was measured using cyclic voltammetry (CV), electrochemical impedance spectroscopy (EIS), and cathodic polarization curves methods. The EIS results showed that the charge transfer resistance values of the 3D-Cu/PLA electrode in 1 M KOH decreased significantly after activation. Post-activation hydrogen content measurements of the 3D-Cu/PLA electrode after electrolysis at different potentials and energy efficiency tests at different current densities were also carried out. The results indicate that the electrocatalytic properties of 3D-Cu electrodes were improved for HER through the activation process."
The size distribution of nanoparticles emitted from advanced manufacturing devices impacts predicted carcinogenic potential,2025,10.3389/fpubh.2025.1582690,Frontiers in Public Health,https://www.semanticscholar.org/paper/5fc94180d26293303ed12192f2c08803074521eb,core_emissions_measurement;health_toxicology;mitigation_filtration;workplace_indoor_air,1,W. Hill; A. Korchevskiy; M. Moovendhan; Håkan Tinnerberg; Francisco António; Coelho Silva,"Advanced manufacturing devices such as 3D printers bring users into closer contact with processes that generate ultrafine particles or release engineered nanomaterials. While approaches to assessing the risk of lung carcinogenesis and related health effects are developing, serious questions exist regarding the impact such devices may have on human health and safety if proper actions (i.e., engineering controls including ventilation or filtration) are not taken to mitigate exposures. The size distribution of particulates emitted during fused deposition modeling (FDM) 3D printing was measured following the ANSI/CAN/UL 2904 method and associated lung cancer risk was estimated through a developing model. Particulate morphologies were assessed, identifying agglomerative and morphological characteristics which may further impact health effects. The estimation of excess lung cancer risk for 3D printer emissions based upon particle size was found to vary according to aerodynamic diameter distribution and emitted concentration, with values projected as high as 468 cases per 10,000 workers in the measured exposure scenario (1 m3 enclosure with air fully exchanged once per hour); predicted excess lung cancer risk was found to drop significantly as print extrusion temperature decreased. Actual health impacts will depend highly upon the exposure scenario, as room air volume, ventilation, and number of printers in operation will impact the concentration of particulates present. This model provides a means for assessing excess lung cancer risk across a broad aerodynamic diameter distribution, improving resolution over methods that use a single particle size bin such as PM2.5 or PM10. The effects of particle composition are only anecdotally considered in this model, however; this limitation should be accommodated as the model is implemented in practical settings."
Ultrafine particle emissions from desktop 3D printers,2013,10.1016/j.atmosenv.2013.06.050,Atmospheric Environment,https://doi.org/10.1016/j.atmosenv.2013.06.050,core_emissions_measurement,,Brent Stephens; Parham Azimi; Zeineb El Orch; Tiffanie Ramos,
Emissions of Nanoparticles and Gaseous Material from 3D Printer Operation,2015,10.1021/acs.est.5b02805,Environmental Science &amp; Technology,https://doi.org/10.1021/acs.est.5b02805,core_emissions_measurement,,Yuna Kim; Chungsik Yoon; Seunghon Ham; Jihoon Park; Songha Kim; Ohhun Kwon; Perng-Jy Tsai,
Characterization of Particle Emissions from Desktop 3D Printers: A Look at the Effect of Part Design and Build Pathing,2016,,,https://www.semanticscholar.org/paper/6b56b0913a0e40718fc11b710ccd7e024e73521e,core_emissions_measurement,0,G. A. Aguilera,
Health effects of laser printer emissions: a controlled exposure study,2017,10.1111/ina.12366,Indoor Air,https://doi.org/10.1111/ina.12366,core_emissions_measurement;health_toxicology;mitigation_filtration;workplace_indoor_air,,S. Karrasch; M. Simon; B. Herbig; J. Langner; S. Seeger; A. Kronseder; S. Peters; G. Dietrich-Gümperlein,
Acrylonitrile butadiene styrene (ABS) and polycarbonate (PC) filaments three-dimensional (3-D) printer emissions-induced cell toxicity.,2019,10.1016/j.toxlet.2019.09.013,Toxicol Lett,https://europepmc.org/article/MED/31562913,core_emissions_measurement;health_toxicology;materials,,Farcas MT; Stefaniak AB; Knepp AK; Bowers L; Mandler WK; Kashon M; Jackson SR; Stueckle TA,
Characteristics of nanoparticle formation and hazardous air pollutants emitted by 3D printer operations: from emission to inhalation.,2019,10.1039/c9ra03248g,RSC Adv,https://europepmc.org/article/MED/35519372,core_emissions_measurement;health_toxicology,,Youn JS; Seo JW; Han S; Jeon KJ.,
Chemical Composition and Toxicity of Particles Emitted from a Consumer-Level 3D Printer Using Various Materials.,2019,10.1021/acs.est.9b04168,Environmental science & technology,https://pubmed.ncbi.nlm.nih.gov/31513393/,core_emissions_measurement;health_toxicology,,Zhang Q; Pardo M; Rudich Y; Kaplan-Ashiri I; Wong JPS; Davis AY; Black MS; Weber RJ,
Condensational particle growth device for reliable cell exposure at the air-liquid interface to nanoparticles.,2019,10.1080/02786826.2019.1659938,Aerosol Sci Technol,https://europepmc.org/article/MED/33033421,core_emissions_measurement;health_toxicology,,Tilly TB; Ward RX; Luthra JK; Robinson S; Eiguren-Fernandez A; Lewis GS; Salisbury RL; Lednicky JA,
Fabrication of a superhydrophobic surface using a fused deposition modeling (FDM) 3D printer with poly lactic acid (PLA) filament and dip coating with silica nanoparticles,2019,10.1016/j.apsusc.2018.10.205,Applied Surface Science,https://doi.org/10.1016/j.apsusc.2018.10.205,core_emissions_measurement;materials,,Kyong-Min Lee; Hani Park; Jihun Kim; Doo-Man Chun,
"ACS National Meeting & Expo Conference Abstract Submission March 22-26, 2020, Philadelphia, PA Emissions from consumer level 3D printers and their potential health impacts",2020,,,https://www.semanticscholar.org/paper/446766d963fb94992bdfea0e18d223f065cd29a3,core_emissions_measurement;health_toxicology;materials,0,Qian Zhang; Aika Y. Davis; M. Black; R. Weber,
Potential health impacts of particle and volatile organic compound emissions from consumer level 3D printers,2020,10.1021/scimeetings.0c03376,,https://doi.org/10.1021/scimeetings.0c03376,core_emissions_measurement;health_toxicology,,Qian Zhang,
Potential health impacts of particle and volatile organic compound emissions from consumer level 3D printers,2020,10.1021/scimeetings.0c03375,,https://doi.org/10.1021/scimeetings.0c03375,core_emissions_measurement;health_toxicology,,Qian Zhang,
Pulmonary and systemic toxicity in rats following inhalation exposure of 3-D printer emissions from acrylonitrile butadiene styrene (ABS) filament.,2020,10.1080/08958378.2020.1834034,Inhalation toxicology,https://pubmed.ncbi.nlm.nih.gov/33076715/,core_emissions_measurement;health_toxicology;materials,,Farcas MT; McKinney W; Qi C; Mandler KW; Battelli L; Friend SA; Stefaniak AB; Jackson M,
Antimicrobial Activity of 3D-Printed Acrylonitrile Butadiene Styrene (ABS) Polymer-Coated with Silver Nanoparticles,2021,10.3390/ma14247681,Materials,https://doi.org/10.3390/ma14247681,core_emissions_measurement;health_toxicology;materials,,Isabel Tse; Atishay Jay; Ina Na; Sean Murphy; Nereida Niño-Martínez; Gabriel Alejandro Martínez-Castañon; Jamie Magrill; Horacio Bach," Medical devices with antimicrobial properties are a potential long-term solution to the high rate of multi-drug-resistant healthcare-associated infections. Silver nanoparticles (AgNPs) are an established agent for effectively eliminating a wide range of microbial strains. AgNPs have been commonly incorporated into traditional plastic materials; however, recently, there has been increased interest in using AgNPs combined with 3D-printing technology for medical devices due to the accessibility and customizability of 3D-printed products. This study reports a novel method of utilizing acetone to partially dissolve 3D-printed polymer acrylonitrile butadiene styrene (ABS) plastic to attach a layer of AgNPs. The antimicrobial properties of this AgNP-coated surface were tested against several microbial strains prevalent in healthcare-associated infections. AgNP-coated ABS (AgNP-ABS) plastic demonstrated significant elimination of viable bacteria within 4 h for all tested bacterial species (Acinetobacter baumannii, non-pathogenic and pathogenic Escherichia coli, Pseudomonas aeruginosa, and methicillin-resistant Staphylococcus aureus) and within 19 h for the tested fungus Candida albicans. The longevity of adhesion of AgNPs to the ABS plastic was assessed by checking antibacterial activity against A. baumannii after repeat use cycles. AgNP-ABS plastic showed decreased antibacterial efficacy with repeated use but maintained the ability to eliminate microbes within 3 h for up to eight use cycles. The AgNP-coated ABS plastic showed efficacy as an antimicrobial surface, and future studies will consider its applicability in the production of medical devices. "
Digital Holographic Microscopy as Identifier of Ultrafine Particles Emitted during Fused Deposition Modelling,2021,10.3390/app12010065,Applied Sciences,https://www.semanticscholar.org/paper/f046affbd86f470740f6b87fb369dc37f42f89c0,core_emissions_measurement;health_toxicology,0,Daniel Alberto García-Espinosa; M. León-Rodríguez; Pedro Yáñez-Contreras; I. Miguel-Andrés; J. Padilla-Medina; Alejandra Cruz-Bernal; Patricia Ibarra-Torres,"Additive manufacturing has acquired a global industrial panorama for being an alternative to redirect the industry towards sustainability. However, previous studies have indicated that fused deposition modelling (FDM) techniques are potential sources of particles that are harmful to health. For this reason, this work is focused on exploring the behaviour and distribution of FDM resultant nanoparticles from the most commonly used printable materials through alternative methods as digital holographic microscopy (DHM). In this paper, we present the feasibility of using DHM to determine the presence of nanoparticles in the FDM process. Experimental results validate this technology’s precision and provide extensive knowledge about the implications of the FDM on health. The measure of the thin films deposited in glass substrates was between a minimum of 9 nm to a maximum of 200 nm, in agreement with the previous studies."
Mixing state of printer generated ultrafine particles: Implications for the complexity of indoor aerosols,2021,10.1016/j.atmosenv.2021.118550,Atmospheric Environment,https://doi.org/10.1016/j.atmosenv.2021.118550,core_emissions_measurement;workplace_indoor_air,,Hao Wang; Congrong He; Rob L. Modini; Wenlu Wang; Haoxian Lu; Lidia Morawska,
Additives influence <scp>3D</scp> printer emission profiles: Implications for working safely with polymer filament composites,2022,10.1111/ina.13130,Indoor Air,https://doi.org/10.1111/ina.13130,core_emissions_measurement;materials;workplace_indoor_air,,W. Cary Hill; Daniel W. Seitz; Matthew S. Hull; Mark L. Ballentine; Alan J. Kennedy,
Characteristics of ultrafine particles emitted from 3D‐pens and effect of partition on children's exposure during 3D‐pen operation,2022,10.1111/ina.12978,Indoor Air,https://doi.org/10.1111/ina.12978,core_emissions_measurement;health_toxicology;workplace_indoor_air,,Donghyun Kim; Kiyoung Lee,
"Decision letter for ""Analysis of ways to reduce potential health risk from ultrafine and fine particles emitted from 3D printers in the makerspace""",2022,10.1111/ina.13053/v1/decision1,,https://doi.org/10.1111/ina.13053/v1/decision1,core_emissions_measurement;health_toxicology,,,
Metal Compositions of Particle Emissions from Material Extrusion 3D Printing: Emission Sources and Indoor Exposure Potentials,2022,10.2139/ssrn.4206919,SSRN Electronic Journal,https://doi.org/10.2139/ssrn.4206919,core_emissions_measurement;health_toxicology;workplace_indoor_air;resin_or_other_am,,Qian Zhang; Rodney J. Weber; Todd P. Luxton; Derek M. Peloquin; Eric J. Baumann; Marilyn S. Black,
"Review for ""Analysis of ways to reduce potential health risk from ultrafine and fine particles emitted from 3D printers in the makerspace""",2022,10.1111/ina.13053/v2/review1,,https://doi.org/10.1111/ina.13053/v2/review1,core_emissions_measurement;health_toxicology,,,
"Review for ""Analysis of ways to reduce potential health risk from ultrafine and fine particles emitted from 3D printers in the makerspace""",2022,10.1111/ina.13053/v2/review2,,https://doi.org/10.1111/ina.13053/v2/review2,core_emissions_measurement;health_toxicology,,,
"Review for ""Analysis of ways to reduce potential health risk from ultrafine and fine particles emitted from 3D printers in the makerspace""",2022,10.1111/ina.13053/v1/review1,,https://doi.org/10.1111/ina.13053/v1/review1,core_emissions_measurement;health_toxicology,,,
"Review for ""Analysis of ways to reduce potential health risk from ultrafine and fine particles emitted from 3D printers in the makerspace""",2022,10.1111/ina.13053/v3/review1,,https://doi.org/10.1111/ina.13053/v3/review1,core_emissions_measurement;health_toxicology,,,
"Review for ""Analysis of ways to reduce potential health risk from ultrafine and fine particles emitted from 3D printers in the makerspace""",2022,10.1111/ina.13053/v1/review2,,https://doi.org/10.1111/ina.13053/v1/review2,core_emissions_measurement;health_toxicology,,,
Systematic ranking of filaments regarding their particulate emissions during fused filament fabrication 3D printing by means of a proposed standard test method,2022,10.1111/ina.13010,Indoor Air,https://doi.org/10.1111/ina.13010,core_emissions_measurement;materials;workplace_indoor_air,,Chi‐Long Tang; Stefan Seeger,
A pilot study of occupational exposure to ultrafine particles during 3D printing in research laboratories.,2023,10.3389/fpubh.2023.1144475,Front Public Health,https://europepmc.org/article/MED/37333549,core_emissions_measurement;health_toxicology;workplace_indoor_air,,Felici G; Lachowicz JI; Milia S; Cannizzaro E; Cirrincione L; Congiu T; Jaremko M; Campagna M,
Emissions and health risks from the use of 3D printers in an occupational setting,2023,10.32920/23935251,,https://openalex.org/W4385754222,core_emissions_measurement;health_toxicology;workplace_indoor_air,0,Felix Chan; Chun‐Yip Hon; Susan M. Tarlo; Nikhil Rajaram; R. House,
Highly-dense acrylonitrile butadiene styrene specimens fabricated by overheat material extrusion 3D printing,2023,10.1108/rpj-06-2022-0184,Rapid Prototyping Journal,https://doi.org/10.1108/rpj-06-2022-0184,core_emissions_measurement;materials,,Thang Q. Tran; Xinying Deng; Carla Canturri; Chu Long Tham; Feng Lin Ng," Purpose This study aims to comprehensively investigate the process-structure-property correlation of acrylonitrile butadiene styrene (ABS) parts manufactured by the overheat material extrusion (Mex) method. This study considers the relationships between the tensile and impact strength with temperature profiles, mesostructures and fracture behaviors of the ABS-printed parts. Design/methodology/approach The overheat printing condition was generated by using the highest possible printing temperature of the Mex printer used in this study together with cooling fan turned off. Temperature profiles of the polymer rasters were measured to characterize the diffusion time of the deposited rasters. Thermogravimetric analysis, differential scanning calorimetry and melt flow index were performed to study the thermal properties of the ABS feedstock. The mesostructures of the printed ABS samples were characterized by using an optical microscope, while their fracture surface was investigated using a field emission scanning electron microscope. The authors performed the tensile and impact tests following ASTM D3039 and D256-10A, respectively. Findings The use of the overheat Mex printing could offer better raster diffusion with reduced cooling rate and prolonged diffusion time. Consequently, the overheat printed ABS parts possessed a porosity as low as 1.35% with an increase in the weld length formed between the adjacent rasters of up to 62.5%. More importantly, the overheat printed ABS parts exhibited an increase of up to 70%, 84% and 30% in tensile strain at break, tensile toughness and impact strength, respectively, compared to their normal printed counterparts. Originality/value This study provides a facile but effective approach to fabricate highly dense and strong polymeric parts printed by Mex method for end-use applications. "
Processing and modeling of mill scale strengthened ABS composites fabricated by fused deposition modeling (FDM): Effects of printing parameters,2023,10.21203/rs.3.rs-3477979/v1,,https://doi.org/10.21203/rs.3.rs-3477979/v1,core_emissions_measurement;materials,,Jennarong Tungtrongpairoj; Korbkaroon Doungkeaw; Boonlom Thavornyutikarn; Peeraphat Suttipong; Vitoon Uthaisangsuk," Abstract Mill scale (MS) strengthened acrylonitrile-butadiene-styrene (ABS) composite filaments were fabricated as an optional low-cost and sustainable feedstock material with enhanced strength using fused deposition modeling (FDM) technology. In the present study, the effects of the printing parameters on the mechanical properties of the printed ABS/1.0 vol% MS composites were evaluated. Test specimens of ABS/1.0 vol% MS composites were printed at temperatures of 240–280°C, printing speeds of 10–90 mm s − 1 , and infill densities of 25–100%. The average maximum stress and modulus of ABS/1.0 vol% MS samples increased when the printing temperature was raised to 270°C while decreasing the printing speed, with numerous air gaps and pores found in the cross-sectional microstructures after failure at low infill density. High surface roughness of the printed ABS/1.0 vol% MS composites was observed by a 3D laser scanner when printing at high temperatures and speeds due to insufficient cooling. The printed composite microstructures were examined by X-ray micro-computed tomography (µCT), and showed homogeneously dense particle dispersion in the entire printed part. Representative volume element (RVE) based modeling was conducted using real particle geometries from µCT. RVE simulations predicted high local stress distributions around mill scale particles and air gaps in the printed samples. "
Workplace Exposure Measurements of Emission from Industrial 3D Printing.,2023,10.1093/annweh/wxad006,Ann Work Expo Health,https://europepmc.org/article/MED/36869756,core_emissions_measurement;health_toxicology;materials;workplace_indoor_air,,Kangas A; Kukko K; Kanerva T; Säämänen A; Akmal JS; Partanen J; Viitanen AK.,
An Experimental Study on the Emission Dynamics in Fused Deposition Modelling (FDM) 3D Printing Process,2024,10.1115/fedsm2024-131044,Volume 1: Fluid Applications and Systems (FASTC); Fluid Measurement and Instrumentation (FMITC); Fluid Mechanics (FMTC); Multiphase Flow (MFTC),https://www.semanticscholar.org/paper/33d000181d1db74cce93c3576f11c1f65ceaede2,core_emissions_measurement;health_toxicology;materials;mitigation_filtration;resin_or_other_am,0,T. Misztal; Omar Addasi; Jooi Albano; Yang Liu," Fused Deposition Modeling (FDM) 3D printing is a manufacturing process that involves the melting and layering of thermoplastic to create 3D objects. Concerns have arisen from the volatile organic compounds (VOCs) emitted when 3D printing filaments are heated to their melting points, posing environmental and health risks. In the present study, a series of experiments were conducted to characterize the thermal flow phenomena during FDM 3D printing, specifically focused on investigating the VOCs emission dynamics along with the thermal flow during heating and melting in the printing processes. A high-speed Schlieren imaging system and an infrared thermal imaging system were temporally synchronized to both qualitatively and quantitatively characterize the thermal effects and the thermal-induced multiphase flows during the 3D printing process within an FDM 3D printer. In addition, the VOC emissions during the printing process were quantified by using a spatially-distributed-and-temporally-synchronized metal-oxide sensor array system, which can achieve fast spatial tracking of the VOC emissions. By correlating the data from the multiple measurement systems, the VOC emission transport behaviors in the convective gas current were characterized in detail. The findings in this paper offer insights into off-gassing profiles of different filaments, aiding in the development of customized ventilation approaches."
"Carbon-Based Piezoresistive Polymer Nanocomposites by Extrusion Additive Manufacturing: Process, Material Design, and Current Progress",2024,10.1089/3dp.2022.0153,3D Printing and Additive Manufacturing,https://doi.org/10.1089/3dp.2022.0153,core_emissions_measurement;health_toxicology,,James D. Banks; Anahita Emami," Advancement in additive manufacturing (AM) allows the production of nanocomposites with complex and custom geometries not typically allowable with conventional manufacturing techniques. The benefits of AM have led to recent interest in producing multifunctional materials capable of being printed with current AM technologies. In this article, piezoresistive composites realized by AM and the matrices and fillers utilized to make such devices are introduced and discussed. Carbon-based nanoparticles (Carbon Nanotubes, Graphene/Graphite, and Carbon Black) are often the filler choice of most researchers and are heavily discussed throughout this review in combination with extrusion AM methods. Piezoresistive applications such as physiological and wearable sensors, structural health monitoring, and soft robotics are presented with an emphasis on material and AM selection to meet the demands of such applications. "
Metabolic and Toxicological Effects of 3D Printer Particulate Emissions at a High School: Comparing ABS and PLA Filaments,2024,10.1164/ajrccm-conference.2024.209.1_meetingabstracts.a4408,B75. POLLUTION AND LUNG HEALTH: MECHANISMS AND PATHOGENESIS,https://doi.org/10.1164/ajrccm-conference.2024.209.1_meetingabstracts.a4408,core_emissions_measurement;health_toxicology;materials;workplace_indoor_air,,L. Barnett; Q. Zhang; S. Alqahtani; J. Shannahan; M. Black; C. Wright,
Pulmonary evaluation of whole-body inhalation exposure of polycarbonate (PC) filament 3D printer emissions in rats (dataset).,2024,10.26616/nioshrd-1083-2024-0,,https://doi.org/10.26616/nioshrd-1083-2024-0,core_emissions_measurement;health_toxicology;materials,,,
Using particle dimensionality-based modeling to estimate lung carcinogenicity of 3D printer emissions.,2024,10.1002/jat.4561,Journal of applied toxicology : JAT,https://pubmed.ncbi.nlm.nih.gov/37950573/,core_emissions_measurement;health_toxicology,,Korchevskiy AA; Hill WC; Hull M; Korchevskiy A,
An Experimental Study of Volatile Organic Compound (VOC) Emissions from a Resin 3D Printer to Assess Exposure and Exposure Mitigation.,2025,10.1021/acs.chas.5c00167,J Chem Health Saf,https://europepmc.org/article/MED/41613160,core_emissions_measurement;health_toxicology;resin_or_other_am,,Baguley DA; Bard D; Evans GS; Monks PS; Cordell RL.,
Characterization of emissions generated during additive manufacturing of polymer parts by the fused deposition modeling technique,2025,10.1080/15459624.2025.2544739,Journal of Occupational and Environmental Hygiene,https://www.semanticscholar.org/paper/05769e140fe320e478c58a79f67fcfff94aa580c,core_emissions_measurement;health_toxicology;materials;mitigation_filtration;workplace_indoor_air,0,F. Keller; Laurence Robert; Jennifer Klingler,"Abstract Additive manufacturing has developed steadily since it was first introduced in the 1980s, but it is not without occupational risks. The main objectives of this study were to characterize airborne particle and VOC (Volatile Organic Compounds) emissions generated by a 3D additive manufacturing using polymers and to evaluate the effectiveness of local extraction ventilation as a control measure to reduce emissions. A comprehensive measurement methodology involving direct-reading instruments and active tube air sampling was deployed around and inside the machine. Three polymer materials were studied: ABS (Acrylonitrile Butadiene Styrene), ASA (Acrylonitrile Styrene Acrylate), and PETG (PolyEthylene Terephthalate Glycol). The same test part was fully manufactured three times with each material. During manufacturing, particle number concentrations and real-time VOC profiles, particularly focusing on styrene, were measured simultaneously. The extraction ventilation parameters on the Zortrax M300 3D printer were recorded and analyzed to assess how they affected pollutant containment and prevention of operator exposure. The number of particles measured for the various materials and their concentration suggest possible operator exposure to airborne particles. Total VOC concentration values were measured from ABS (432.8 µg/m3), ASA (124.1 µg/m3), and PETG (4.7 µg/m3). Real-time monitoring was done for styrene emissions during the manufacturing cycles for the three different materials tested, coupled with VOCs sampling on adsorbent tubes. Use of a local exhaust ventilation system reduced the airborne concentrations between 95% and 99%. It is therefore recommended that 3D printers be placed under an extraction system."
Circular economy on a 3D printer farm on the example of ABS,2025,10.1108/rpj-09-2024-0384,Rapid Prototyping Journal,https://doi.org/10.1108/rpj-09-2024-0384,core_emissions_measurement;materials,,Piotr Czyżewski; Dawid Marciniak; Marek Bieliński," Purpose The paper describes a proposal for a closed-loop cycle implemented at a 3D printer farm, using acrylonitrile butadiene styrene (ABS) and fused filament fabrication (FFF) technology as an example. The subject of the research was an attempt to assess the susceptibility to segregation and shredding and also to verify the granulometric properties of polymer waste to manage post-consumer objects, shortages and technological waste toward the production of fully valuable filament for reuse from 3D printing technology. Design/methodology/approach The proposed material management system at the 3D printer farm allows for zero waste management. Management of recycled material is already done at the stage of material selection for a given application and is verified throughout the life cycle, taking into account reprocessing into a new fully functional filament. Findings The analysis of particle size and granulometric indices allowed to characterize the milling, the particles of which with their geometric characteristics are different from recyclates processed from waste products, obtained in other thermoplastic processing technologies. The adopted research methods, parameters and indicators allow to characterize the behavior of ground particles of printed parts in the area of secondary processing. Research limitations/implications The research was limited to ABS; however, the methodological solutions described can also be applied to the secondary processing of other materials commonly used in FDM/FFF 3D printing. Practical implications This study demonstrates a methodical approach to the reuse of 3D printing waste. The methods and results presented are practical and may prove useful for reusing both production and post-consumer waste in 3D printing farms. Social implications A systematic approach to managing production and post-consumer waste in 3D printing technologies aligns with prevailing social and environmental trends aimed at fully using such waste to reduce the carbon footprint. Originality/value Based on the work carried out in the secondary management of waste from the printing process, a universal strategy for the management of post-consumer and process waste using thermoplastic filaments primarily ABS has been proposed. "
"Desktop 3D printers in the workplace: use, emissions, controls, and health.",2025,10.1093/annweh/wxae101,Annals of work exposures and health,https://pubmed.ncbi.nlm.nih.gov/39719678/,core_emissions_measurement;health_toxicology;materials;mitigation_filtration;workplace_indoor_air,,Hall S; Sumner J; Hunwin G; Martell S; Pengelly I; Brown V; Staff J; Forder J,
Empirical Modeling and Minimization of Environmental Volatile Organic Compounds (VOCs) in Fused Filament Fabrication (FFF) Process,2025,10.1142/s0219686727500387,Journal of Advanced Manufacturing Systems,https://doi.org/10.1142/s0219686727500387,core_emissions_measurement;materials,,Nikhil Kumar Ahirwar; Krishnanand; Sudhanshu Kumar; Mohammad Taufik," This study investigates the impact of process parameters on Volatile Organic Compound (VOC) emissions during Additive Manufacturing (AM) using the Fused Filament Fabrication (FFF) technique. Key variables such as temperature, print speed, layer thickness, orientation angle, and infill density were examined to understand their influence on VOC release. A Central Composite Design (CCD) was employed to develop a second-order regression model for predicting VOC emissions. Analysis of Variance (ANOVA) revealed that individual and quadratic effects, particularly those of infill density and temperature, significantly impact VOC emissions, while most interaction effects were comparatively less influential. The experimental VOC Index ranged from 82.27 to 240, and the developed model demonstrated strong predictive performance, supported by residual analysis showing a mean residual of –3.48, standard deviation of 6.73, minimum and maximum residuals of –14.18 and 12.15, respectively, and an overall RMSE of 7.48 with an MAE of 6.35. The optimal parameter combination ([Formula: see text]C, [Formula: see text] mm/s, [Formula: see text] mm, [Formula: see text], [Formula: see text]%) yielded the minimum VOC Index of 66.26, with the maximum deviation between experimental and predicted values being less than 2%. The empirical model is specific to the tested conditions and may require recalibration for different materials. Overall, this work provides a quantitative framework for optimizing FFF process parameters to minimize VOC emissions while maintaining part quality, supporting more sustainable AM practices. "
Hybrid PLA-based biocomposites produced by DLP 3D printer with alumina and silica nanoparticles,2025,10.1016/j.mtcomm.2024.111469,Materials Today Communications,https://doi.org/10.1016/j.mtcomm.2024.111469,core_emissions_measurement;materials,,Hossein Maleki; Parviz Asadi; Amirhossein Moghanian; Sirus Safaee; I.M.R. Najjar; A. Fathy,
"Investigation of erosion wear behavior and incubation period of 3D-printed ABS, PLA and Nylon-CF",2025,10.1108/rpj-02-2025-0080,Rapid Prototyping Journal,https://doi.org/10.1108/rpj-02-2025-0080,core_emissions_measurement;materials,,Mehmet Esat Aydin; Osman Ozturk; Mehmet Bagci," Purpose This study aims to investigate the erosion wear behavior of three-dimensional (3D)-printed Acrylonitrile Butadiene Styrene (ABS), Polylactic acid (PLA) and Nylon-CF (Nylon Carbon Fiber) parts with jet impingement test using alumina (Al2O3) particles. The effects of build orientation and impingement angle on erosion wear behavior were investigated. Design/methodology/approach ABS, PLA and Nylon test specimens with build orientations of 0°, 45° and 90° were fabricated using a 3D printer. Erosion wear tests were conducted on these specimens at impingement angles of 30°, 60° and 90°. The erosion wear rate was determined by measuring the weight loss. EDX analysis and SEM images were obtained to find the wear characteristics. Findings The build orientation affected the wear resistance of ABS slightly, whereas the orientation caused more significant differences in PLA and Nylon-CF. On the other hand, 90°-oriented Nylon-CF composite gained mass, unlike other materials. From this point on, the incubation period specific to the composites was investigated by gradually increasing the amount of abrasive. The abrasive mass up to 5,000 g eventually finalized the incubation period and stabilized the weight loss of Nylon-CF. EDX results and SEM images were interpreted together, proving that the mass gain in Nylon-CF was due to the embedding of alumina particles in the matrix. Originality/value This study contributed to the literature to better understand the erosion wear behavior of the most used polymer-based materials produced with 3D printing. The incubation period detected in the Nylon-CF sample, which was found to be due to particle embedding, added another originality. "
Quantitative Chromatographic Analysis of Volatile Compounds Released during Polymer FDM-AM,2025,10.59429/ace.v9i1.5753,Applied Chemistry for Engineering,https://www.semanticscholar.org/paper/a92a17bdab9444916ad06900b087b9c9687df827,core_emissions_measurement;health_toxicology;materials;mitigation_filtration;workplace_indoor_air,0,Ali Raqee Abdulhadi; Aqeel Al-Hilali; Al-Dily Kareem; Hayder Hamid Abbas Al-Anbari; Salah Abdulhadi Salih; Ammar S. Al Khafaji; Sameh Hussein Hamo; Duha Abed Almuhssen Muzahim,"The release of volatile organic compounds (VOCs) during fused deposition modeling additive manufacturing (FDM-AM) has become a critical concern due to its implications for occupational health, indoor air quality, and material performance. In this study, a quantitative chromatographic analysis was conducted to characterize and evaluate VOC emissions from commonly used thermoplastic filaments during FDM-AM. Gas chromatography coupled with mass spectrometry (GC–MS) was employed to separate and identify volatile fractions, while flame ionization detection (FID) provided quantitative assessment of emission concentrations. Representative results revealed the presence of styrene, ethylbenzene, formaldehyde, acetaldehyde, and other low-molecular-weight aldehydes and ketones, with emission profiles varying significantly across polymer types such as ABS, PLA, and PETG. Peak intensities correlated strongly with extrusion temperature, suggesting that process parameters directly influence VOC release. Comparative analysis indicated that ABS exhibited the highest emission intensity, dominated by aromatic hydrocarbons, while PLA produced lower total VOCs but higher proportions of lactide-derived species. The findings underscore the necessity of systematic monitoring of VOCs in FDM-AM environments and provide quantitative evidence for optimizing process conditions and implementing adequate ventilation systems. This work establishes a framework for linking chromatographic signatures of volatile compounds with material choice and processing parameters, contributing to safer and more sustainable additive manufacturing practices."
Unveiling hematite-rich nanoparticle emissions from stainless steel-containing PLA filament: First experimental evidence from 3D printing.,2025,10.1016/j.jhazmat.2025.139835,Journal of Hazardous Materials,https://www.semanticscholar.org/paper/275969cfa9e306aa528e1da1172fe2c29fe43f0d,core_emissions_measurement;health_toxicology;materials;workplace_indoor_air;resin_or_other_am,0,Eun-Jin Park; Da-Mee Eun; Yen Thi-Hoang Le; Hanjin Yoo; Sangmin Jeong; Ki-Joon Jeon; Jong-Sang Youn,"Fused deposition modeling (FDM) 3D printing with metal-containing polymer filaments has gained widespread adoption across industrial and consumer applications. However, the potential release of metal oxide nanoparticles during the thermal processing of these composite filaments remains insufficiently investigated. This study provides the first experimental evidence of hematite (α-Fe₂O₃) - rich nanoparticle (mixed Fe-Cr-Ni) emissions from a 3D printer using stainless-steel-filled polylactic acid (PLA) filament (∼80 wt% stainless-steel). Emission testing was conducted in a standardized chamber following established protocols, and particles were characterized using scanning mobility particle sizer (SMPS), high-resolution transmission electron microscopy (HR-TEM), energy-dispersive X-ray spectroscopy (EDS), and Raman spectroscopy. Results demonstrate that PLA-steel filament generates significantly higher concentrations of ultrafine particles (maximum: 9.08 × 106 particles/cm³) compared to standard PLA (4.99 × 10⁶ particles/cm³) under identical printing conditions. The emitted particles from PLA-steel exhibited unique flake-like morphologies, with iron as the predominant element (26.5 at%). Crystallographic analysis confirmed the presence of hematite through characteristic lattice spacings (0.21 nm and 0.27 nm) and Raman spectral features (230, 412, and 609 cm⁻¹). These findings indicate that stainless steel-filled filaments can emit nanosized iron oxide particles, specifically hematite, during 3D printing. Given that hematite-rich nanoparticles have been associated with oxidative stress induction and cytotoxicity in various biological systems, their emission during 3D printing represents a potential occupational and environmental hazard that warrants further investigation, particularly considering the widespread adoption of metal-filled filaments in both professional and consumer environments."
Particle and Chemical Emissions During Fused Filament Fabrication (FFF) Using Commercial ABS- and PET-G-Based Filaments.,2026,10.3390/ma19091895,"Materials (Basel, Switzerland)",https://pubmed.ncbi.nlm.nih.gov/42124301/,core_emissions_measurement;health_toxicology;materials;mitigation_filtration,,Dobrzyńska E; Jankowski T; Borucka M," Despite its advantages, 3D printing may expose users to volatile organic compounds (VOCs) and particle emissions. Emissions from commercially available acrylonitrile-butadiene-styrene (ABS)- and polyethylene terephthalate glycol (PET-G)-based filaments were analyzed to evaluate differences among material formulations from multiple manufacturers. Chamber-based measurements and complementary thermal decomposition experiments were used to characterize particle number concentrations and chemical emissions. The highest particle emissions occurred during the initial warm-up and the final stages of the printing process. The ABS-based filaments tested in this study exhibited higher VOC emissions, dominated by styrene (up to 264.75 μg/m3), and particle number concentrations approximately one order of magnitude greater than those measured for the tested PET-G-based filaments. The dominant particle sizes ranged from 55 to 90 nm. PET-G-based filaments showed higher thermal stability but emitted notable concentrations of acetaldehyde (up to 70.93 μg/m3) and phthalic acid esters. Both filament types released compounds of potential health concern, including formaldehyde and reprotoxic substances such as dibutyl phthalate and bis(2-ethylhexyl) phthalate. Differences were observed among fibers made from the same polymer type, indicating the influence of formulation-specific factors. These results underscore the importance of material selection and adequate ventilation to minimize exposure during 3D printing. "
Chemical Composition and Toxicity of Particles Emitted from a Consumer-Level 3D Printer Using Various Materials,,10.1021/acs.est.9b04168.s001,,https://doi.org/10.1021/acs.est.9b04168.s001,core_emissions_measurement;health_toxicology,,,
Chemical and Physical Characterization of 3D Printer Aerosol Emissions with and without a Filter Attachment,,10.1021/acs.est.9b04012.s001,,https://doi.org/10.1021/acs.est.9b04012.s001,core_emissions_measurement;mitigation_filtration,,,
Emissions of Ultrafine Particles and Volatile Organic Compounds from Commercially Available Desktop Three-Dimensional Printers with Multiple Filaments,,10.1021/acs.est.5b04983.s001,,https://doi.org/10.1021/acs.est.5b04983.s001,core_emissions_measurement;materials,,,
Nanocluster Aerosol Emissions of a 3D Printer,,10.1021/acs.est.9b05317.s001,,https://doi.org/10.1021/acs.est.9b05317.s001,core_emissions_measurement,,,
VOC Emission Factors from 3D Printers - ABS (Acrylonitrile-Butadiene-Styrene) Type Filaments,,10.31390/gradschool_theses.4850,,https://doi.org/10.31390/gradschool_theses.4850,core_emissions_measurement;materials,,Dean Lay,
